Workbook

Sheet H743xIG Pins
A1: # | B1: Name/Function | C1: AF (Core Board) | D1: Conn. Pin | E1: AF (Mission Board Opt. 1) | F1: AF (Mission Board Opt. 2) | G1: ADC | H1: Use/Notes | I1: SPI | J1: FDCAN | K1: ETH | L1: Timers | M1: USB (OTG) | N1: UART | O1: DAC | P1: Other | Q1: Additional functions | R1: Alternate functions | S1: https://www.st.com/resource/en/datasheet/stm32h743bi.pdf
A2: 94 | B2: BOOT0 | D2: =IF(COUNTIF(ConnectorPins!$F$2:$F$999, B2) > 0, MATCH(B2, ConnectorPins!$F$2:$F$999, 0), IF(COUNTIF(ConnectorPins!$I$2:$I$999, B2) > 0, MATCH(B2, ConnectorPins!$I$2:$I$999, 0), "")) | G2: =IFERROR(__xludf.DUMMYFUNCTION("TRIM(REGEXREPLACE(Q2 , ""ADC(._[A-Z0-9]*)|."" , ""$1 "") )"),"") | I2: =IFERROR(__xludf.DUMMYFUNCTION("TRIM(REGEXREPLACE(R2 , ""SPI(._(MOSI|MISO|SCK))|."" , ""$1 "") )"),"") | J2: =IFERROR(__xludf.DUMMYFUNCTION("TRIM(REGEXREPLACE(R2 , ""FDCAN(._[\w_]+)|."" , ""$1 "") )"),"") | K2: =IFERROR(__xludf.DUMMYFUNCTION("TRIM(REGEXREPLACE(R2 , ""ETH_([\w_]+)|."" , ""$1 "") )"),"") | L2: =IFERROR(__xludf.DUMMYFUNCTION("TRIM(REGEXREPLACE(R2 , ""TIM(._\w+)|."" , ""$1 "") )"),"") | M2: =IFERROR(__xludf.DUMMYFUNCTION("TRIM(REGEXREPLACE(R2 , ""OTG_([\w_]+)|."" , ""$1 "") )"),"") | N2: =IFERROR(__xludf.DUMMYFUNCTION("TRIM(REGEXREPLACE(R2 , ""US?ART(._(TX|RX))|."" , ""$1 "") )"),"") | O2: =IFERROR(__xludf.DUMMYFUNCTION("TRIM(REGEXREPLACE(Q2 , ""DAC(\d+_OUT\d+)|."" , ""$1 "") )"),"") | P2: =IFERROR(__xludf.DUMMYFUNCTION("TRIM(REGEXREPLACE(REGEXREPLACE(R2, "","", "" ""), ""(EVENTOUT|TRACECLK|TRACED.|SPI._[^ ]*|SAI._[^ ]*|ETH_[^ ]*|QUADSPI_[^ ]*|FMC_[^ ]*|UART._[^ ]*|FDCAN._[^ ]*|DFSDM._[^ ]*|OTG_[^ ]*|TIM\d+_[^ ]*)( |$)"", "" ""))"),"") | Q2: VPP
A3: 14 | B3: NRST | D3: =IF(COUNTIF(ConnectorPins!$F$2:$F$999, B3) > 0, MATCH(B3, ConnectorPins!$F$2:$F$999, 0), IF(COUNTIF(ConnectorPins!$I$2:$I$999, B3) > 0, MATCH(B3, ConnectorPins!$I$2:$I$999, 0) + 35, "")) | G3: =IFERROR(__xludf.DUMMYFUNCTION("TRIM(REGEXREPLACE(Q3 , ""ADC(._[A-Z0-9]*)|."" , ""$1 "") )"),"") | I3: =IFERROR(__xludf.DUMMYFUNCTION("TRIM(REGEXREPLACE(R3 , ""SPI(._(MOSI|MISO|SCK))|."" , ""$1 "") )"),"") | J3: =IFERROR(__xludf.DUMMYFUNCTION("TRIM(REGEXREPLACE(R3 , ""FDCAN(._[\w_]+)|."" , ""$1 "") )"),"") | K3: =IFERROR(__xludf.DUMMYFUNCTION("TRIM(REGEXREPLACE(R3 , ""ETH_([\w_]+)|."" , ""$1 "") )"),"") | L3: =IFERROR(__xludf.DUMMYFUNCTION("TRIM(REGEXREPLACE(R3 , ""TIM(._\w+)|."" , ""$1 "") )"),"") | M3: =IFERROR(__xludf.DUMMYFUNCTION("TRIM(REGEXREPLACE(R3 , ""OTG_([\w_]+)|."" , ""$1 "") )"),"") | N3: =IFERROR(__xludf.DUMMYFUNCTION("TRIM(REGEXREPLACE(R3 , ""US?ART(._(TX|RX))|."" , ""$1 "") )"),"") | O3: =IFERROR(__xludf.DUMMYFUNCTION("TRIM(REGEXREPLACE(Q3 , ""DAC(\d+_OUT\d+)|."" , ""$1 "") )"),"") | P3: =IFERROR(__xludf.DUMMYFUNCTION("TRIM(REGEXREPLACE(REGEXREPLACE(R3, "","", "" ""), ""(EVENTOUT|TRACECLK|TRACED.|SPI._[^ ]*|SAI._[^ ]*|ETH_[^ ]*|QUADSPI_[^ ]*|FMC_[^ ]*|UART._[^ ]*|FDCAN._[^ ]*|DFSDM._[^ ]*|OTG_[^ ]*|TIM\d+_[^ ]*)( |$)"", "" ""))"),"")
A4: 22 | B4: PA0 | D4: =IF(COUNTIF(ConnectorPins!$F$2:$F$999, B4) > 0, MATCH(B4, ConnectorPins!$F$2:$F$999, 0), IF(COUNTIF(ConnectorPins!$I$2:$I$999, B4) > 0, MATCH(B4, ConnectorPins!$I$2:$I$999, 0) + 35, "")) -> 59 | F4: UART4_TX | G4: =IFERROR(__xludf.DUMMYFUNCTION("TRIM(REGEXREPLACE(Q4 , ""ADC(\d+_(INN\d+|INP\d+)*)|."" , ""$1 "") )"),"1_INP16") -> 1_INP16 | I4: =IFERROR(__xludf.DUMMYFUNCTION("TRIM(REGEXREPLACE(R4 , ""SPI(._(MOSI|MISO|SCK))|."" , ""$1 "") )"),"") | J4: =IFERROR(__xludf.DUMMYFUNCTION("TRIM(REGEXREPLACE(R4 , ""FDCAN(._[\w_]+)|."" , ""$1 "") )"),"") | K4: =IFERROR(__xludf.DUMMYFUNCTION("TRIM(REGEXREPLACE(R4 , ""ETH_([\w_]+)|."" , ""$1 "") )"),"MII_CRS") -> MII_CRS | L4: =IFERROR(__xludf.DUMMYFUNCTION("TRIM(REGEXREPLACE(R4 , ""TIM(._\w+)|."" , ""$1 "") )"),"2_CH1 2_ETR 5_CH1 8_ETR") -> 2_CH1 2_ETR 5_CH1 8_ETR | M4: =IFERROR(__xludf.DUMMYFUNCTION("TRIM(REGEXREPLACE(R4 , ""OTG_([\w_]+)|."" , ""$1 "") )"),"") | N4: =IFERROR(__xludf.DUMMYFUNCTION("TRIM(REGEXREPLACE(R4 , ""US?ART(._(TX|RX))|."" , ""$1 "") )"),"4_TX") -> 4_TX | O4: =IFERROR(__xludf.DUMMYFUNCTION("TRIM(REGEXREPLACE(Q4 , ""DAC(\d+_OUT\d+)|."" , ""$1 "") )"),"") | P4: =IFERROR(__xludf.DUMMYFUNCTION("TRIM(REGEXREPLACE(REGEXREPLACE(R4, "","", "" ""), ""(EVENTOUT|TRACECLK|TRACED.|SPI._[^ ]*|SAI._[^ ]*|ETH_[^ ]*|QUADSPI_[^ ]*|FMC_[^ ]*|UART._[^ ]*|FDCAN._[^ ]*|DFSDM._[^ ]*|OTG_[^ ]*|TIM\d+_[^ ]*)( |$)"", "" ""))"),"USART2_CTS/USART2_NSS SDMMC2_CMD") -> USART2_CTS/USART2_NSS SDMMC2_CMD | Q4: ADC1_INP16,WKUP1 | R4: TIM2_CH1/TIM2_ETR,TIM5_CH1, TIM8_ETR,TIM15_BKIN,USART2_CTS/USART2_NSS, UART4_TX,SDMMC2_CMD,SAI2_SD_B,ETH_MII_CRS,EVENTOUT
A5: 23 | B5: PA1 | D5: =IF(COUNTIF(ConnectorPins!$F$2:$F$999, B5) > 0, MATCH(B5, ConnectorPins!$F$2:$F$999, 0), IF(COUNTIF(ConnectorPins!$I$2:$I$999, B5) > 0, MATCH(B5, ConnectorPins!$I$2:$I$999, 0) + 35, "")) -> 60 | E5: ETH_RMII_REF_CLK | F5: UART4_RX | G5: =IFERROR(__xludf.DUMMYFUNCTION("TRIM(REGEXREPLACE(Q5 , ""ADC(\d+_(INN\d+|INP\d+)*)|."" , ""$1 "") )"),"1_INN16 1_INP17") -> 1_INN16 1_INP17 | I5: =IFERROR(__xludf.DUMMYFUNCTION("TRIM(REGEXREPLACE(R5 , ""SPI(._(MOSI|MISO|SCK))|."" , ""$1 "") )"),"") | J5: =IFERROR(__xludf.DUMMYFUNCTION("TRIM(REGEXREPLACE(R5 , ""FDCAN(._[\w_]+)|."" , ""$1 "") )"),"") | K5: =IFERROR(__xludf.DUMMYFUNCTION("TRIM(REGEXREPLACE(R5 , ""ETH_([\w_]+)|."" , ""$1 "") )"),"MII_RX_CLK RMII_REF_CLK") -> MII_RX_CLK RMII_REF_CLK | L5: =IFERROR(__xludf.DUMMYFUNCTION("TRIM(REGEXREPLACE(R5 , ""TIM(._\w+)|."" , ""$1 "") )"),"2_CH2 5_CH2 3_OUT") -> 2_CH2 5_CH2 3_OUT | M5: =IFERROR(__xludf.DUMMYFUNCTION("TRIM(REGEXREPLACE(R5 , ""OTG_([\w_]+)|."" , ""$1 "") )"),"") | N5: =IFERROR(__xludf.DUMMYFUNCTION("TRIM(REGEXREPLACE(R5 , ""US?ART(._(TX|RX))|."" , ""$1 "") )"),"4_RX") -> 4_RX | O5: =IFERROR(__xludf.DUMMYFUNCTION("TRIM(REGEXREPLACE(Q5 , ""DAC(\d+_OUT\d+)|."" , ""$1 "") )"),"") | P5: =IFERROR(__xludf.DUMMYFUNCTION("TRIM(REGEXREPLACE(REGEXREPLACE(R5, "","", "" ""), ""(EVENTOUT|TRACECLK|TRACED.|SPI._[^ ]*|SAI._[^ ]*|ETH_[^ ]*|QUADSPI_[^ ]*|FMC_[^ ]*|UART._[^ ]*|FDCAN._[^ ]*|DFSDM._[^ ]*|OTG_[^ ]*|TIM\d+_[^ ]*)( |$)"", "" ""))"),"LP USART2_RTS/USART2_DE LCD_R2") -> LP USART2_RTS/USART2_DE LCD_R2 | Q5: ADC1_INN16,ADC1_INP17 | R5: TIM2_CH2, TIM5_CH2,LPTIM3_OUT,TIM15_CH1N,USART2_RTS/USART2_DE, UART4_RX,QUADSPI_BK1_IO3,SAI2_MCLK_B,ETH_MII_RX_CLK/ETH_RMII_REF_CLK,LCD_R2, EVENTOUT
A6: 69 | B6: PA10 | C6: Output/Timer | D6: =IF(COUNTIF(ConnectorPins!$F$2:$F$999, B6) > 0, MATCH(B6, ConnectorPins!$F$2:$F$999, 0), IF(COUNTIF(ConnectorPins!$I$2:$I$999, B6) > 0, MATCH(B6, ConnectorPins!$I$2:$I$999, 0), "")) | G6: =IFERROR(__xludf.DUMMYFUNCTION("TRIM(REGEXREPLACE(Q6 , ""ADC(\d+_(INN\d+|INP\d+)*)|."" , ""$1 "") )"),"") | H6: LED | I6: =IFERROR(__xludf.DUMMYFUNCTION("TRIM(REGEXREPLACE(R6 , ""SPI(._(MOSI|MISO|SCK))|."" , ""$1 "") )"),"") | J6: =IFERROR(__xludf.DUMMYFUNCTION("TRIM(REGEXREPLACE(R6 , ""FDCAN(._[\w_]+)|."" , ""$1 "") )"),"") | K6: =IFERROR(__xludf.DUMMYFUNCTION("TRIM(REGEXREPLACE(R6 , ""ETH_([\w_]+)|."" , ""$1 "") )"),"") | L6: =IFERROR(__xludf.DUMMYFUNCTION("TRIM(REGEXREPLACE(R6 , ""TIM(._\w+)|."" , ""$1 "") )"),"1_CH3") -> 1_CH3 | M6: =IFERROR(__xludf.DUMMYFUNCTION("TRIM(REGEXREPLACE(R6 , ""OTG_([\w_]+)|."" , ""$1 "") )"),"FS_ID") -> FS_ID | N6: =IFERROR(__xludf.DUMMYFUNCTION("TRIM(REGEXREPLACE(R6 , ""US?ART(._(TX|RX))|."" , ""$1 "") )"),"1_RX 1_RX") -> 1_RX 1_RX | O6: =IFERROR(__xludf.DUMMYFUNCTION("TRIM(REGEXREPLACE(Q6 , ""DAC(\d+_OUT\d+)|."" , ""$1 "") )"),"") | P6: =IFERROR(__xludf.DUMMYFUNCTION("TRIM(REGEXREPLACE(REGEXREPLACE(R6, "","", "" ""), ""(EVENTOUT|TRACECLK|TRACED.|SPI._[^ ]*|SAI._[^ ]*|ETH_[^ ]*|QUADSPI_[^ ]*|FMC_[^ ]*|UART._[^ ]*|FDCAN._[^ ]*|DFSDM._[^ ]*|OTG_[^ ]*|TIM\d+_[^ ]*)( |$)"", "" ""))"),"HRTIM_CHC2 LP USART1_RX MDIOS_MDIO LCD_B4 DCMI_D1 LCD_B1") -> HRTIM_CHC2 LP USART1_RX MDIOS_MDIO LCD_B4 DCMI_D1 LCD_B1 | R6: TIM1_CH3,HRTIM_CHC2,LPUART1_RX,USART1_RX,OTG_FS_ID,MDIOS_MDIO, LCD_B4,DCMI_D1, LCD_B1,EVENTOUT
A7: 70 | B7: PA11 | C7: OTG_FS_DM | D7: =IF(COUNTIF(ConnectorPins!$F$2:$F$999, B7) > 0, MATCH(B7, ConnectorPins!$F$2:$F$999, 0), IF(COUNTIF(ConnectorPins!$I$2:$I$999, B7) > 0, MATCH(B7, ConnectorPins!$I$2:$I$999, 0), "")) | G7: =IFERROR(__xludf.DUMMYFUNCTION("TRIM(REGEXREPLACE(Q7 , ""ADC(\d+_(INN\d+|INP\d+)*)|."" , ""$1 "") )"),"") | I7: =IFERROR(__xludf.DUMMYFUNCTION("TRIM(REGEXREPLACE(R7 , ""SPI(._(MOSI|MISO|SCK))|."" , ""$1 "") )"),"") | J7: =IFERROR(__xludf.DUMMYFUNCTION("TRIM(REGEXREPLACE(R7 , ""FDCAN(._[\w_]+)|."" , ""$1 "") )"),"1_RX") -> 1_RX | K7: =IFERROR(__xludf.DUMMYFUNCTION("TRIM(REGEXREPLACE(R7 , ""ETH_([\w_]+)|."" , ""$1 "") )"),"") | L7: =IFERROR(__xludf.DUMMYFUNCTION("TRIM(REGEXREPLACE(R7 , ""TIM(._\w+)|."" , ""$1 "") )"),"1_CH4") -> 1_CH4 | M7: =IFERROR(__xludf.DUMMYFUNCTION("TRIM(REGEXREPLACE(R7 , ""OTG_([\w_]+)|."" , ""$1 "") )"),"FS_DM") -> FS_DM | N7: =IFERROR(__xludf.DUMMYFUNCTION("TRIM(REGEXREPLACE(R7 , ""US?ART(._(TX|RX))|."" , ""$1 "") )"),"4_RX") -> 4_RX | O7: =IFERROR(__xludf.DUMMYFUNCTION("TRIM(REGEXREPLACE(Q7 , ""DAC(\d+_OUT\d+)|."" , ""$1 "") )"),"") | P7: =IFERROR(__xludf.DUMMYFUNCTION("TRIM(REGEXREPLACE(REGEXREPLACE(R7, "","", "" ""), ""(EVENTOUT|TRACECLK|TRACED.|SPI._[^ ]*|SAI._[^ ]*|ETH_[^ ]*|QUADSPI_[^ ]*|FMC_[^ ]*|UART._[^ ]*|FDCAN._[^ ]*|DFSDM._[^ ]*|OTG_[^ ]*|TIM\d+_[^ ]*)( |$)"", "" ""))"),"HRTIM_CHD1 LP USART1_CTS/USART1_NSS LCD_R4") -> HRTIM_CHD1 LP USART1_CTS/USART1_NSS LCD_R4 | R7: TIM1_CH4,HRTIM_CHD1,LPUART1_CTS,SPI2_NSS/I2S2_WS,UART4_RX,USART1_CTS/USART1_NSS, FDCAN1_RX,OTG_FS_DM, LCD_R4,EVENTOUT
A8: 71 | B8: PA12 | C8: OTG_FS_DP | D8: =IF(COUNTIF(ConnectorPins!$F$2:$F$999, B8) > 0, MATCH(B8, ConnectorPins!$F$2:$F$999, 0), IF(COUNTIF(ConnectorPins!$I$2:$I$999, B8) > 0, MATCH(B8, ConnectorPins!$I$2:$I$999, 0), "")) | G8: =IFERROR(__xludf.DUMMYFUNCTION("TRIM(REGEXREPLACE(Q8 , ""ADC(\d+_(INN\d+|INP\d+)*)|."" , ""$1 "") )"),"") | I8: =IFERROR(__xludf.DUMMYFUNCTION("TRIM(REGEXREPLACE(R8 , ""SPI(._(MOSI|MISO|SCK))|."" , ""$1 "") )"),"2_SCK") -> 2_SCK | J8: =IFERROR(__xludf.DUMMYFUNCTION("TRIM(REGEXREPLACE(R8 , ""FDCAN(._[\w_]+)|."" , ""$1 "") )"),"1_TX") -> 1_TX | K8: =IFERROR(__xludf.DUMMYFUNCTION("TRIM(REGEXREPLACE(R8 , ""ETH_([\w_]+)|."" , ""$1 "") )"),"") | L8: =IFERROR(__xludf.DUMMYFUNCTION("TRIM(REGEXREPLACE(R8 , ""TIM(._\w+)|."" , ""$1 "") )"),"1_ETR") -> 1_ETR | M8: =IFERROR(__xludf.DUMMYFUNCTION("TRIM(REGEXREPLACE(R8 , ""OTG_([\w_]+)|."" , ""$1 "") )"),"FS_DP") -> FS_DP | N8: =IFERROR(__xludf.DUMMYFUNCTION("TRIM(REGEXREPLACE(R8 , ""US?ART(._(TX|RX))|."" , ""$1 "") )"),"4_TX") -> 4_TX | O8: =IFERROR(__xludf.DUMMYFUNCTION("TRIM(REGEXREPLACE(Q8 , ""DAC(\d+_OUT\d+)|."" , ""$1 "") )"),"") | P8: =IFERROR(__xludf.DUMMYFUNCTION("TRIM(REGEXREPLACE(REGEXREPLACE(R8, "","", "" ""), ""(EVENTOUT|TRACECLK|TRACED.|SPI._[^ ]*|SAI._[^ ]*|ETH_[^ ]*|QUADSPI_[^ ]*|FMC_[^ ]*|UART._[^ ]*|FDCAN._[^ ]*|DFSDM._[^ ]*|OTG_[^ ]*|TIM\d+_[^ ]*)( |$)"", "" ""))"),"HRTIM_CHD2 LP USART1_RTS/USART1_DE LCD_R5") -> HRTIM_CHD2 LP USART1_RTS/USART1_DE LCD_R5 | R8: TIM1_ETR,HRTIM_CHD2,LPUART1_RTS/LPUART1_DE,SPI2_SCK/I2S2_CK,UART4_TX,USART1_RTS/USART1_DE, SAI2_FS_B,FDCAN1_TX,OTG_FS_DP, LCD_R5,EVENTOUT
A9: 72 | B9: PA13(JTMS/SWDIO) | D9: =IF(COUNTIF(ConnectorPins!$F$2:$F$999, B9) > 0, MATCH(B9, ConnectorPins!$F$2:$F$999, 0), IF(COUNTIF(ConnectorPins!$I$2:$I$999, B9) > 0, MATCH(B9, ConnectorPins!$I$2:$I$999, 0), "")) | G9: =IFERROR(__xludf.DUMMYFUNCTION("TRIM(REGEXREPLACE(Q9 , ""ADC(\d+_(INN\d+|INP\d+)*)|."" , ""$1 "") )"),"") | I9: =IFERROR(__xludf.DUMMYFUNCTION("TRIM(REGEXREPLACE(R9 , ""SPI(._(MOSI|MISO|SCK))|."" , ""$1 "") )"),"") | J9: =IFERROR(__xludf.DUMMYFUNCTION("TRIM(REGEXREPLACE(R9 , ""FDCAN(._[\w_]+)|."" , ""$1 "") )"),"") | K9: =IFERROR(__xludf.DUMMYFUNCTION("TRIM(REGEXREPLACE(R9 , ""ETH_([\w_]+)|."" , ""$1 "") )"),"") | L9: =IFERROR(__xludf.DUMMYFUNCTION("TRIM(REGEXREPLACE(R9 , ""TIM(._\w+)|."" , ""$1 "") )"),"") | M9: =IFERROR(__xludf.DUMMYFUNCTION("TRIM(REGEXREPLACE(R9 , ""OTG_([\w_]+)|."" , ""$1 "") )"),"") | N9: =IFERROR(__xludf.DUMMYFUNCTION("TRIM(REGEXREPLACE(R9 , ""US?ART(._(TX|RX))|."" , ""$1 "") )"),"") | O9: =IFERROR(__xludf.DUMMYFUNCTION("TRIM(REGEXREPLACE(Q9 , ""DAC(\d+_OUT\d+)|."" , ""$1 "") )"),"") | P9: =IFERROR(__xludf.DUMMYFUNCTION("TRIM(REGEXREPLACE(REGEXREPLACE(R9, "","", "" ""), ""(EVENTOUT|TRACECLK|TRACED.|SPI._[^ ]*|SAI._[^ ]*|ETH_[^ ]*|QUADSPI_[^ ]*|FMC_[^ ]*|UART._[^ ]*|FDCAN._[^ ]*|DFSDM._[^ ]*|OTG_[^ ]*|TIM\d+_[^ ]*)( |$)"", "" ""))"),"JTMS-SWDIO") -> JTMS-SWDIO | R9: JTMS-SWDIO,EVENTOUT
A10: 76 | B10: PA14(JTCK/SWCLK) | D10: =IF(COUNTIF(ConnectorPins!$F$2:$F$999, B10) > 0, MATCH(B10, ConnectorPins!$F$2:$F$999, 0), IF(COUNTIF(ConnectorPins!$I$2:$I$999, B10) > 0, MATCH(B10, ConnectorPins!$I$2:$I$999, 0), "")) | G10: =IFERROR(__xludf.DUMMYFUNCTION("TRIM(REGEXREPLACE(Q10 , ""ADC(\d+_(INN\d+|INP\d+)*)|."" , ""$1 "") )"),"") | I10: =IFERROR(__xludf.DUMMYFUNCTION("TRIM(REGEXREPLACE(R10 , ""SPI(._(MOSI|MISO|SCK))|."" , ""$1 "") )"),"") | J10: =IFERROR(__xludf.DUMMYFUNCTION("TRIM(REGEXREPLACE(R10 , ""FDCAN(._[\w_]+)|."" , ""$1 "") )"),"") | K10: =IFERROR(__xludf.DUMMYFUNCTION("TRIM(REGEXREPLACE(R10 , ""ETH_([\w_]+)|."" , ""$1 "") )"),"") | L10: =IFERROR(__xludf.DUMMYFUNCTION("TRIM(REGEXREPLACE(R10 , ""TIM(._\w+)|."" , ""$1 "") )"),"") | M10: =IFERROR(__xludf.DUMMYFUNCTION("TRIM(REGEXREPLACE(R10 , ""OTG_([\w_]+)|."" , ""$1 "") )"),"") | N10: =IFERROR(__xludf.DUMMYFUNCTION("TRIM(REGEXREPLACE(R10 , ""US?ART(._(TX|RX))|."" , ""$1 "") )"),"") | O10: =IFERROR(__xludf.DUMMYFUNCTION("TRIM(REGEXREPLACE(Q10 , ""DAC(\d+_OUT\d+)|."" , ""$1 "") )"),"") | P10: =IFERROR(__xludf.DUMMYFUNCTION("TRIM(REGEXREPLACE(REGEXREPLACE(R10, "","", "" ""), ""(EVENTOUT|TRACECLK|TRACED.|SPI._[^ ]*|SAI._[^ ]*|ETH_[^ ]*|QUADSPI_[^ ]*|FMC_[^ ]*|UART._[^ ]*|FDCAN._[^ ]*|DFSDM._[^ ]*|OTG_[^ ]*|TIM\d+_[^ ]*)( |$)"", "" ""))"),"JTCK-SWCLK") -> JTCK-SWCLK | R10: JTCK-SWCLK,EVENTOUT
A11: 77 | B11: PA15(JTDI) | C11: Output/Timer | D11: =IF(COUNTIF(ConnectorPins!$F$2:$F$999, B11) > 0, MATCH(B11, ConnectorPins!$F$2:$F$999, 0), IF(COUNTIF(ConnectorPins!$I$2:$I$999, B11) > 0, MATCH(B11, ConnectorPins!$I$2:$I$999, 0), "")) | G11: =IFERROR(__xludf.DUMMYFUNCTION("TRIM(REGEXREPLACE(Q11 , ""ADC(\d+_(INN\d+|INP\d+)*)|."" , ""$1 "") )"),"") | H11: LED | I11: =IFERROR(__xludf.DUMMYFUNCTION("TRIM(REGEXREPLACE(R11 , ""SPI(._(MOSI|MISO|SCK))|."" , ""$1 "") )"),"") | J11: =IFERROR(__xludf.DUMMYFUNCTION("TRIM(REGEXREPLACE(R11 , ""FDCAN(._[\w_]+)|."" , ""$1 "") )"),"") | K11: =IFERROR(__xludf.DUMMYFUNCTION("TRIM(REGEXREPLACE(R11 , ""ETH_([\w_]+)|."" , ""$1 "") )"),"") | L11: =IFERROR(__xludf.DUMMYFUNCTION("TRIM(REGEXREPLACE(R11 , ""TIM(._\w+)|."" , ""$1 "") )"),"2_CH1 2_ETR") -> 2_CH1 2_ETR | M11: =IFERROR(__xludf.DUMMYFUNCTION("TRIM(REGEXREPLACE(R11 , ""OTG_([\w_]+)|."" , ""$1 "") )"),"") | N11: =IFERROR(__xludf.DUMMYFUNCTION("TRIM(REGEXREPLACE(R11 , ""US?ART(._(TX|RX))|."" , ""$1 "") )"),"7_TX") -> 7_TX | O11: =IFERROR(__xludf.DUMMYFUNCTION("TRIM(REGEXREPLACE(Q11 , ""DAC(\d+_OUT\d+)|."" , ""$1 "") )"),"") | P11: =IFERROR(__xludf.DUMMYFUNCTION("TRIM(REGEXREPLACE(REGEXREPLACE(R11, "","", "" ""), ""(EVENTOUT|TRACECLK|TRACED.|SPI._[^ ]*|SAI._[^ ]*|ETH_[^ ]*|QUADSPI_[^ ]*|FMC_[^ ]*|UART._[^ ]*|FDCAN._[^ ]*|DFSDM._[^ ]*|OTG_[^ ]*|TIM\d+_[^ ]*)( |$)"", "" ""))"),"JTDI HRTIM_FLT1 CEC") -> JTDI HRTIM_FLT1 CEC | R11: JTDI,TIM2_CH1/TIM2_ETR,HRTIM_FLT1, CEC,SPI1_NSS/I2S1_WS,SPI3_NSS/I2S3_WS,SPI6_NSS,UART4_RTS/UART4_DE, UART7_TX,EVENTOUT
A12: 24 | B12: PA2 | D12: =IF(COUNTIF(ConnectorPins!$F$2:$F$999, B12) > 0, MATCH(B12, ConnectorPins!$F$2:$F$999, 0), IF(COUNTIF(ConnectorPins!$I$2:$I$999, B12) > 0, MATCH(B12, ConnectorPins!$I$2:$I$999, 0) + 35, "")) -> 61 | E12: ETH_MDIO | F12: UART2_TX | G12: =IFERROR(__xludf.DUMMYFUNCTION("TRIM(REGEXREPLACE(Q12 , ""ADC(\d+_(INN\d+|INP\d+)*)|."" , ""$1 "") )"),"12_INP14") -> 12_INP14 | I12: =IFERROR(__xludf.DUMMYFUNCTION("TRIM(REGEXREPLACE(R12 , ""SPI(._(MOSI|MISO|SCK))|."" , ""$1 "") )"),"") | J12: =IFERROR(__xludf.DUMMYFUNCTION("TRIM(REGEXREPLACE(R12 , ""FDCAN(._[\w_]+)|."" , ""$1 "") )"),"") | K12: =IFERROR(__xludf.DUMMYFUNCTION("TRIM(REGEXREPLACE(R12 , ""ETH_([\w_]+)|."" , ""$1 "") )"),"MDIO") -> MDIO | L12: =IFERROR(__xludf.DUMMYFUNCTION("TRIM(REGEXREPLACE(R12 , ""TIM(._\w+)|."" , ""$1 "") )"),"2_CH3 5_CH3 4_OUT") -> 2_CH3 5_CH3 4_OUT | M12: =IFERROR(__xludf.DUMMYFUNCTION("TRIM(REGEXREPLACE(R12 , ""OTG_([\w_]+)|."" , ""$1 "") )"),"") | N12: =IFERROR(__xludf.DUMMYFUNCTION("TRIM(REGEXREPLACE(R12 , ""US?ART(._(TX|RX))|."" , ""$1 "") )"),"2_TX") -> 2_TX | O12: =IFERROR(__xludf.DUMMYFUNCTION("TRIM(REGEXREPLACE(Q12 , ""DAC(\d+_OUT\d+)|."" , ""$1 "") )"),"") | P12: =IFERROR(__xludf.DUMMYFUNCTION("TRIM(REGEXREPLACE(REGEXREPLACE(R12, "","", "" ""), ""(EVENTOUT|TRACECLK|TRACED.|SPI._[^ ]*|SAI._[^ ]*|ETH_[^ ]*|QUADSPI_[^ ]*|FMC_[^ ]*|UART._[^ ]*|FDCAN._[^ ]*|DFSDM._[^ ]*|OTG_[^ ]*|TIM\d+_[^ ]*)( |$)"", "" ""))"),"LP USART2_TX MDIOS_MDIO LCD_R1") -> LP USART2_TX MDIOS_MDIO LCD_R1 | Q12: ADC12_INP14,WKUP2 | R12: TIM2_CH3, TIM5_CH3,LPTIM4_OUT,TIM15_CH1,USART2_TX,SAI2_SCK_B,ETH_MDIO,MDIOS_MDIO, LCD_R1,EVENTOUT
A13: 25 | B13: PA3 | D13: =IF(COUNTIF(ConnectorPins!$F$2:$F$999, B13) > 0, MATCH(B13, ConnectorPins!$F$2:$F$999, 0), IF(COUNTIF(ConnectorPins!$I$2:$I$999, B13) > 0, MATCH(B13, ConnectorPins!$I$2:$I$999, 0) + 35, "")) -> 62 | E13: ADC12_INP15 | F13: UART2_RX | G13: =IFERROR(__xludf.DUMMYFUNCTION("TRIM(REGEXREPLACE(Q13 , ""ADC(\d+_(INN\d+|INP\d+)*)|."" , ""$1 "") )"),"12_INP15") -> 12_INP15 | I13: =IFERROR(__xludf.DUMMYFUNCTION("TRIM(REGEXREPLACE(R13 , ""SPI(._(MOSI|MISO|SCK))|."" , ""$1 "") )"),"") | J13: =IFERROR(__xludf.DUMMYFUNCTION("TRIM(REGEXREPLACE(R13 , ""FDCAN(._[\w_]+)|."" , ""$1 "") )"),"") | K13: =IFERROR(__xludf.DUMMYFUNCTION("TRIM(REGEXREPLACE(R13 , ""ETH_([\w_]+)|."" , ""$1 "") )"),"MII_COL") -> MII_COL | L13: =IFERROR(__xludf.DUMMYFUNCTION("TRIM(REGEXREPLACE(R13 , ""TIM(._\w+)|."" , ""$1 "") )"),"2_CH4 5_CH4 5_OUT") -> 2_CH4 5_CH4 5_OUT | M13: =IFERROR(__xludf.DUMMYFUNCTION("TRIM(REGEXREPLACE(R13 , ""OTG_([\w_]+)|."" , ""$1 "") )"),"HS_ULPI_D0") -> HS_ULPI_D0 | N13: =IFERROR(__xludf.DUMMYFUNCTION("TRIM(REGEXREPLACE(R13 , ""US?ART(._(TX|RX))|."" , ""$1 "") )"),"2_RX") -> 2_RX | O13: =IFERROR(__xludf.DUMMYFUNCTION("TRIM(REGEXREPLACE(Q13 , ""DAC(\d+_OUT\d+)|."" , ""$1 "") )"),"") | P13: =IFERROR(__xludf.DUMMYFUNCTION("TRIM(REGEXREPLACE(REGEXREPLACE(R13, "","", "" ""), ""(EVENTOUT|TRACECLK|TRACED.|SPI._[^ ]*|SAI._[^ ]*|ETH_[^ ]*|QUADSPI_[^ ]*|FMC_[^ ]*|UART._[^ ]*|FDCAN._[^ ]*|DFSDM._[^ ]*|OTG_[^ ]*|TIM\d+_[^ ]*)( |$)"", "" ""))"),"LP USART2_RX LCD_B2 LCD_B5") -> LP USART2_RX LCD_B2 LCD_B5 | Q13: ADC12_INP15 | R13: TIM2_CH4, TIM5_CH4,LPTIM5_OUT,TIM15_CH2,USART2_RX, LCD_B2,OTG_HS_ULPI_D0,ETH_MII_COL, LCD_B5,EVENTOUT
A14: 28 | B14: PA4 | D14: =IF(COUNTIF(ConnectorPins!$F$2:$F$999, B14) > 0, MATCH(B14, ConnectorPins!$F$2:$F$999, 0), IF(COUNTIF(ConnectorPins!$I$2:$I$999, B14) > 0, MATCH(B14, ConnectorPins!$I$2:$I$999, 0) + 35, "")) -> 64 | E14: ADC12_INP18 | F14: DAC1_OUT1 | G14: =IFERROR(__xludf.DUMMYFUNCTION("TRIM(REGEXREPLACE(Q14 , ""ADC(\d+_(INN\d+|INP\d+)*)|."" , ""$1 "") )"),"12_INP18") -> 12_INP18 | I14: =IFERROR(__xludf.DUMMYFUNCTION("TRIM(REGEXREPLACE(R14 , ""SPI(._(MOSI|MISO|SCK))|."" , ""$1 "") )"),"") | J14: =IFERROR(__xludf.DUMMYFUNCTION("TRIM(REGEXREPLACE(R14 , ""FDCAN(._[\w_]+)|."" , ""$1 "") )"),"") | K14: =IFERROR(__xludf.DUMMYFUNCTION("TRIM(REGEXREPLACE(R14 , ""ETH_([\w_]+)|."" , ""$1 "") )"),"") | L14: =IFERROR(__xludf.DUMMYFUNCTION("TRIM(REGEXREPLACE(R14 , ""TIM(._\w+)|."" , ""$1 "") )"),"5_ETR") -> 5_ETR | M14: =IFERROR(__xludf.DUMMYFUNCTION("TRIM(REGEXREPLACE(R14 , ""OTG_([\w_]+)|."" , ""$1 "") )"),"HS_SOF") -> HS_SOF | N14: =IFERROR(__xludf.DUMMYFUNCTION("TRIM(REGEXREPLACE(R14 , ""US?ART(._(TX|RX))|."" , ""$1 "") )"),"") | O14: =IFERROR(__xludf.DUMMYFUNCTION("TRIM(REGEXREPLACE(Q14 , ""DAC(\d+_OUT\d+)|."" , ""$1 "") )"),"1_OUT1") -> 1_OUT1 | P14: =IFERROR(__xludf.DUMMYFUNCTION("TRIM(REGEXREPLACE(REGEXREPLACE(R14, "","", "" ""), ""(EVENTOUT|TRACECLK|TRACED.|SPI._[^ ]*|SAI._[^ ]*|ETH_[^ ]*|QUADSPI_[^ ]*|FMC_[^ ]*|UART._[^ ]*|FDCAN._[^ ]*|DFSDM._[^ ]*|OTG_[^ ]*|TIM\d+_[^ ]*)( |$)"", "" ""))"),"D1PWREN USART2_CK DCMI_HSYNC LCD_VSYNC") -> D1PWREN USART2_CK DCMI_HSYNC LCD_VSYNC | Q14: ADC12_INP18,DAC1_OUT1 | R14: D1PWREN, TIM5_ETR,SPI1_NSS/I2S1_WS,SPI3_NSS/I2S3_WS,USART2_CK, SPI6_NSS,OTG_HS_SOF,DCMI_HSYNC,LCD_VSYNC,EVENTOUT
A15: 29 | B15: PA5 | C15: SPI1_SCK | D15: =IF(COUNTIF(ConnectorPins!$F$2:$F$999, B15) > 0, MATCH(B15, ConnectorPins!$F$2:$F$999, 0), IF(COUNTIF(ConnectorPins!$I$2:$I$999, B15) > 0, MATCH(B15, ConnectorPins!$I$2:$I$999, 0) + 35, "")) | G15: =IFERROR(__xludf.DUMMYFUNCTION("TRIM(REGEXREPLACE(Q15 , ""ADC(\d+_(INN\d+|INP\d+)*)|."" , ""$1 "") )"),"12_INN18 12_INP19") -> 12_INN18 12_INP19 | I15: =IFERROR(__xludf.DUMMYFUNCTION("TRIM(REGEXREPLACE(R15 , ""SPI(._(MOSI|MISO|SCK))|."" , ""$1 "") )"),"1_SCK 6_SCK") -> 1_SCK 6_SCK | J15: =IFERROR(__xludf.DUMMYFUNCTION("TRIM(REGEXREPLACE(R15 , ""FDCAN(._[\w_]+)|."" , ""$1 "") )"),"") | K15: =IFERROR(__xludf.DUMMYFUNCTION("TRIM(REGEXREPLACE(R15 , ""ETH_([\w_]+)|."" , ""$1 "") )"),"") | L15: =IFERROR(__xludf.DUMMYFUNCTION("TRIM(REGEXREPLACE(R15 , ""TIM(._\w+)|."" , ""$1 "") )"),"2_CH1 2_ETR 8_CH1N") -> 2_CH1 2_ETR 8_CH1N | M15: =IFERROR(__xludf.DUMMYFUNCTION("TRIM(REGEXREPLACE(R15 , ""OTG_([\w_]+)|."" , ""$1 "") )"),"HS_ULPI_CK") -> HS_ULPI_CK | N15: =IFERROR(__xludf.DUMMYFUNCTION("TRIM(REGEXREPLACE(R15 , ""US?ART(._(TX|RX))|."" , ""$1 "") )"),"") | O15: =IFERROR(__xludf.DUMMYFUNCTION("TRIM(REGEXREPLACE(Q15 , ""DAC(\d+_OUT\d+)|."" , ""$1 "") )"),"1_OUT2") -> 1_OUT2 | P15: =IFERROR(__xludf.DUMMYFUNCTION("TRIM(REGEXREPLACE(REGEXREPLACE(R15, "","", "" ""), ""(EVENTOUT|TRACECLK|TRACED.|SPI._[^ ]*|SAI._[^ ]*|ETH_[^ ]*|QUADSPI_[^ ]*|FMC_[^ ]*|UART._[^ ]*|FDCAN._[^ ]*|DFSDM._[^ ]*|OTG_[^ ]*|TIM\d+_[^ ]*)( |$)"", "" ""))"),"D2PWREN LCD_R4") -> D2PWREN LCD_R4 | Q15: ADC12_INN18,ADC12_INP19,DAC1_OUT2 | R15: D2PWREN,TIM2_CH1/TIM2_ETR,TIM8_CH1N,SPI1_SCK/I2S1_CK,SPI6_SCK,OTG_HS_ULPI_CK,LCD_R4, EVENTOUT
A16: 30 | B16: PA6 | D16: =IF(COUNTIF(ConnectorPins!$F$2:$F$999, B16) > 0, MATCH(B16, ConnectorPins!$F$2:$F$999, 0), IF(COUNTIF(ConnectorPins!$I$2:$I$999, B16) > 0, MATCH(B16, ConnectorPins!$I$2:$I$999, 0) + 35, "")) -> 65 | G16: =IFERROR(__xludf.DUMMYFUNCTION("TRIM(REGEXREPLACE(Q16 , ""ADC(\d+_(INN\d+|INP\d+)*)|."" , ""$1 "") )"),"12_INP3") -> 12_INP3 | I16: =IFERROR(__xludf.DUMMYFUNCTION("TRIM(REGEXREPLACE(R16 , ""SPI(._(MOSI|MISO|SCK))|."" , ""$1 "") )"),"1_MISO 6_MISO") -> 1_MISO 6_MISO | J16: =IFERROR(__xludf.DUMMYFUNCTION("TRIM(REGEXREPLACE(R16 , ""FDCAN(._[\w_]+)|."" , ""$1 "") )"),"") | K16: =IFERROR(__xludf.DUMMYFUNCTION("TRIM(REGEXREPLACE(R16 , ""ETH_([\w_]+)|."" , ""$1 "") )"),"") | L16: =IFERROR(__xludf.DUMMYFUNCTION("TRIM(REGEXREPLACE(R16 , ""TIM(._\w+)|."" , ""$1 "") )"),"1_BKIN 3_CH1 8_BKIN 8_BKIN_COMP12 1_BKIN_COMP12") -> 1_BKIN 3_CH1 8_BKIN 8_BKIN_COMP12 1_BKIN_COMP12 | M16: =IFERROR(__xludf.DUMMYFUNCTION("TRIM(REGEXREPLACE(R16 , ""OTG_([\w_]+)|."" , ""$1 "") )"),"") | N16: =IFERROR(__xludf.DUMMYFUNCTION("TRIM(REGEXREPLACE(R16 , ""US?ART(._(TX|RX))|."" , ""$1 "") )"),"") | O16: =IFERROR(__xludf.DUMMYFUNCTION("TRIM(REGEXREPLACE(Q16 , ""DAC(\d+_OUT\d+)|."" , ""$1 "") )"),"") | P16: =IFERROR(__xludf.DUMMYFUNCTION("TRIM(REGEXREPLACE(REGEXREPLACE(R16, "","", "" ""), ""(EVENTOUT|TRACECLK|TRACED.|SPI._[^ ]*|SAI._[^ ]*|ETH_[^ ]*|QUADSPI_[^ ]*|FMC_[^ ]*|UART._[^ ]*|FDCAN._[^ ]*|DFSDM._[^ ]*|OTG_[^ ]*|TIM\d+_[^ ]*)( |$)"", "" ""))"),"MDIOS_MDC DCMI_PIXCLK LCD_G2") -> MDIOS_MDC DCMI_PIXCLK LCD_G2 | Q16: ADC12_INP3 | R16: TIM1_BKIN, TIM3_CH1,TIM8_BKIN,SPI1_MISO/I2S1_SDI,SPI6_MISO, TIM13_CH1,TIM8_BKIN_COMP12,MDIOS_MDC,TIM1_BKIN_COMP12,DCMI_PIXCLK, LCD_G2,EVENTOUT
A17: 31 | B17: PA7 | D17: =IF(COUNTIF(ConnectorPins!$F$2:$F$999, B17) > 0, MATCH(B17, ConnectorPins!$F$2:$F$999, 0), IF(COUNTIF(ConnectorPins!$I$2:$I$999, B17) > 0, MATCH(B17, ConnectorPins!$I$2:$I$999, 0) + 35, "")) -> 66 | E17: ETH_RMII_CRS_DV | G17: =IFERROR(__xludf.DUMMYFUNCTION("TRIM(REGEXREPLACE(Q17 , ""ADC(\d+_(INN\d+|INP\d+)*)|."" , ""$1 "") )"),"12_INN3 12_INP7") -> 12_INN3 12_INP7 | I17: =IFERROR(__xludf.DUMMYFUNCTION("TRIM(REGEXREPLACE(R17 , ""SPI(._(MOSI|MISO|SCK))|."" , ""$1 "") )"),"1_MOSI 6_MOSI") -> 1_MOSI 6_MOSI | J17: =IFERROR(__xludf.DUMMYFUNCTION("TRIM(REGEXREPLACE(R17 , ""FDCAN(._[\w_]+)|."" , ""$1 "") )"),"") | K17: =IFERROR(__xludf.DUMMYFUNCTION("TRIM(REGEXREPLACE(R17 , ""ETH_([\w_]+)|."" , ""$1 "") )"),"MII_RX_DV RMII_CRS_DV") -> MII_RX_DV RMII_CRS_DV | L17: =IFERROR(__xludf.DUMMYFUNCTION("TRIM(REGEXREPLACE(R17 , ""TIM(._\w+)|."" , ""$1 "") )"),"1_CH1N 3_CH2 8_CH1N") -> 1_CH1N 3_CH2 8_CH1N | M17: =IFERROR(__xludf.DUMMYFUNCTION("TRIM(REGEXREPLACE(R17 , ""OTG_([\w_]+)|."" , ""$1 "") )"),"") | N17: =IFERROR(__xludf.DUMMYFUNCTION("TRIM(REGEXREPLACE(R17 , ""US?ART(._(TX|RX))|."" , ""$1 "") )"),"") | O17: =IFERROR(__xludf.DUMMYFUNCTION("TRIM(REGEXREPLACE(Q17 , ""DAC(\d+_OUT\d+)|."" , ""$1 "") )"),"") | P17: =IFERROR(__xludf.DUMMYFUNCTION("TRIM(REGEXREPLACE(REGEXREPLACE(R17, "","", "" ""), ""(EVENTOUT|TRACECLK|TRACED.|SPI._[^ ]*|SAI._[^ ]*|ETH_[^ ]*|QUADSPI_[^ ]*|FMC_[^ ]*|UART._[^ ]*|FDCAN._[^ ]*|DFSDM._[^ ]*|OTG_[^ ]*|TIM\d+_[^ ]*)( |$)"", "" ""))"),"") | Q17: ADC12_INN3,ADC12_INP7,OPAMP1_VINM | R17: TIM1_CH1N, TIM3_CH2,TIM8_CH1N,SPI1_MOSI/I2S1_SDO,SPI6_MOSI, TIM14_CH1,ETH_MII_RX_DV/ETH_RMII_CRS_DV,FMC_SDNWE,EVENTOUT
A18: 67 | B18: PA8 | C18: Output/Timer | D18: =IF(COUNTIF(ConnectorPins!$F$2:$F$999, B18) > 0, MATCH(B18, ConnectorPins!$F$2:$F$999, 0), IF(COUNTIF(ConnectorPins!$I$2:$I$999, B18) > 0, MATCH(B18, ConnectorPins!$I$2:$I$999, 0), "")) | G18: =IFERROR(__xludf.DUMMYFUNCTION("TRIM(REGEXREPLACE(Q18 , ""ADC(\d+_(INN\d+|INP\d+)*)|."" , ""$1 "") )"),"") | H18: LED | I18: =IFERROR(__xludf.DUMMYFUNCTION("TRIM(REGEXREPLACE(R18 , ""SPI(._(MOSI|MISO|SCK))|."" , ""$1 "") )"),"") | J18: =IFERROR(__xludf.DUMMYFUNCTION("TRIM(REGEXREPLACE(R18 , ""FDCAN(._[\w_]+)|."" , ""$1 "") )"),"") | K18: =IFERROR(__xludf.DUMMYFUNCTION("TRIM(REGEXREPLACE(R18 , ""ETH_([\w_]+)|."" , ""$1 "") )"),"") | L18: =IFERROR(__xludf.DUMMYFUNCTION("TRIM(REGEXREPLACE(R18 , ""TIM(._\w+)|."" , ""$1 "") )"),"1_CH1 8_BKIN2 8_BKIN2_COMP12") -> 1_CH1 8_BKIN2 8_BKIN2_COMP12 | M18: =IFERROR(__xludf.DUMMYFUNCTION("TRIM(REGEXREPLACE(R18 , ""OTG_([\w_]+)|."" , ""$1 "") )"),"FS_SOF") -> FS_SOF | N18: =IFERROR(__xludf.DUMMYFUNCTION("TRIM(REGEXREPLACE(R18 , ""US?ART(._(TX|RX))|."" , ""$1 "") )"),"7_RX") -> 7_RX | O18: =IFERROR(__xludf.DUMMYFUNCTION("TRIM(REGEXREPLACE(Q18 , ""DAC(\d+_OUT\d+)|."" , ""$1 "") )"),"") | P18: =IFERROR(__xludf.DUMMYFUNCTION("TRIM(REGEXREPLACE(REGEXREPLACE(R18, "","", "" ""), ""(EVENTOUT|TRACECLK|TRACED.|SPI._[^ ]*|SAI._[^ ]*|ETH_[^ ]*|QUADSPI_[^ ]*|FMC_[^ ]*|UART._[^ ]*|FDCAN._[^ ]*|DFSDM._[^ ]*|OTG_[^ ]*|TIM\d+_[^ ]*)( |$)"", "" ""))"),"MCO1 HRTIM_CHB2 I2C3_SCL USART1_CK LCD_B3 LCD_R6") -> MCO1 HRTIM_CHB2 I2C3_SCL USART1_CK LCD_B3 LCD_R6 | R18: MCO1, TIM1_CH1,HRTIM_CHB2,TIM8_BKIN2, I2C3_SCL,USART1_CK,OTG_FS_SOF,UART7_RX,TIM8_BKIN2_COMP12,LCD_B3, LCD_R6,EVENTOUT
A19: 68 | B19: PA9 | C19: USB VBUS detection | I19: =IFERROR(__xludf.DUMMYFUNCTION("TRIM(REGEXREPLACE(R19 , ""SPI(._(MOSI|MISO|SCK))|."" , ""$1 "") )"),"2_SCK") -> 2_SCK | J19: =IFERROR(__xludf.DUMMYFUNCTION("TRIM(REGEXREPLACE(R19 , ""FDCAN(._[\w_]+)|."" , ""$1 "") )"),"") | K19: =IFERROR(__xludf.DUMMYFUNCTION("TRIM(REGEXREPLACE(R19 , ""ETH_([\w_]+)|."" , ""$1 "") )"),"") | L19: =IFERROR(__xludf.DUMMYFUNCTION("TRIM(REGEXREPLACE(R19 , ""TIM(._\w+)|."" , ""$1 "") )"),"1_CH2") -> 1_CH2 | M19: =IFERROR(__xludf.DUMMYFUNCTION("TRIM(REGEXREPLACE(R19 , ""OTG_([\w_]+)|."" , ""$1 "") )"),"") | N19: =IFERROR(__xludf.DUMMYFUNCTION("TRIM(REGEXREPLACE(R19 , ""US?ART(._(TX|RX))|."" , ""$1 "") )"),"1_TX 1_TX") -> 1_TX 1_TX | O19: =IFERROR(__xludf.DUMMYFUNCTION("TRIM(REGEXREPLACE(Q19 , ""DAC(\d+_OUT\d+)|."" , ""$1 "") )"),"") | P19: =IFERROR(__xludf.DUMMYFUNCTION("TRIM(REGEXREPLACE(REGEXREPLACE(R19, "","", "" ""), ""(EVENTOUT|TRACECLK|TRACED.|SPI._[^ ]*|SAI._[^ ]*|ETH_[^ ]*|QUADSPI_[^ ]*|FMC_[^ ]*|UART._[^ ]*|FDCAN._[^ ]*|DFSDM._[^ ]*|OTG_[^ ]*|TIM\d+_[^ ]*)( |$)"", "" ""))"),"HRTIM_CHC1 LP I2C3_SMBA USART1_TX DCMI_D0 LCD_R5") -> HRTIM_CHC1 LP I2C3_SMBA USART1_TX DCMI_D0 LCD_R5 | Q19: OTG_FS_VBUS | R19: TIM1_CH2,HRTIM_CHC1,LPUART1_TX,I2C3_SMBA,SPI2_SCK/I2S2_CK,USART1_TX, DCMI_D0,LCD_R5, EVENTOUT
A20: 34 | B20: PB0 | D20: =IF(COUNTIF(ConnectorPins!$F$2:$F$999, B20) > 0, MATCH(B20, ConnectorPins!$F$2:$F$999, 0), IF(COUNTIF(ConnectorPins!$I$2:$I$999, B20) > 0, MATCH(B20, ConnectorPins!$I$2:$I$999, 0) + 35, "")) -> 46 | G20: =IFERROR(__xludf.DUMMYFUNCTION("TRIM(REGEXREPLACE(Q20 , ""ADC(\d+_(INN\d+|INP\d+)*)|."" , ""$1 "") )"),"12_INN5 12_INP9") -> 12_INN5 12_INP9 | I20: =IFERROR(__xludf.DUMMYFUNCTION("TRIM(REGEXREPLACE(R20 , ""SPI(._(MOSI|MISO|SCK))|."" , ""$1 "") )"),"") | J20: =IFERROR(__xludf.DUMMYFUNCTION("TRIM(REGEXREPLACE(R20 , ""FDCAN(._[\w_]+)|."" , ""$1 "") )"),"") | K20: =IFERROR(__xludf.DUMMYFUNCTION("TRIM(REGEXREPLACE(R20 , ""ETH_([\w_]+)|."" , ""$1 "") )"),"MII_RXD2") -> MII_RXD2 | L20: =IFERROR(__xludf.DUMMYFUNCTION("TRIM(REGEXREPLACE(R20 , ""TIM(._\w+)|."" , ""$1 "") )"),"1_CH2N 3_CH3 8_CH2N") -> 1_CH2N 3_CH3 8_CH2N | M20: =IFERROR(__xludf.DUMMYFUNCTION("TRIM(REGEXREPLACE(R20 , ""OTG_([\w_]+)|."" , ""$1 "") )"),"HS_ULPI_D1") -> HS_ULPI_D1 | N20: =IFERROR(__xludf.DUMMYFUNCTION("TRIM(REGEXREPLACE(R20 , ""US?ART(._(TX|RX))|."" , ""$1 "") )"),"") | O20: =IFERROR(__xludf.DUMMYFUNCTION("TRIM(REGEXREPLACE(Q20 , ""DAC(\d+_OUT\d+)|."" , ""$1 "") )"),"") | P20: =IFERROR(__xludf.DUMMYFUNCTION("TRIM(REGEXREPLACE(REGEXREPLACE(R20, "","", "" ""), ""(EVENTOUT|TRACECLK|TRACED.|SPI._[^ ]*|SAI._[^ ]*|ETH_[^ ]*|QUADSPI_[^ ]*|FMC_[^ ]*|UART._[^ ]*|FDCAN._[^ ]*|DFSDM._[^ ]*|OTG_[^ ]*|TIM\d+_[^ ]*)( |$)"", "" ""))"),"LCD_R3 LCD_G1") -> LCD_R3 LCD_G1 | Q20: ADC12_INN5,ADC12_INP9,OPAMP1_VINP,COMP1_INP | R20: TIM1_CH2N, TIM3_CH3,TIM8_CH2N,DFSDM1_CKOUT,UART4_CTS, LCD_R3,OTG_HS_ULPI_D1,ETH_MII_RXD2,LCD_G1, EVENTOUT
A21: 35 | B21: PB1 | D21: =IF(COUNTIF(ConnectorPins!$F$2:$F$999, B21) > 0, MATCH(B21, ConnectorPins!$F$2:$F$999, 0), IF(COUNTIF(ConnectorPins!$I$2:$I$999, B21) > 0, MATCH(B21, ConnectorPins!$I$2:$I$999, 0) + 35, "")) -> 47 | G21: =IFERROR(__xludf.DUMMYFUNCTION("TRIM(REGEXREPLACE(Q21 , ""ADC(\d+_(INN\d+|INP\d+)*)|."" , ""$1 "") )"),"12_INP5") -> 12_INP5 | I21: =IFERROR(__xludf.DUMMYFUNCTION("TRIM(REGEXREPLACE(R21 , ""SPI(._(MOSI|MISO|SCK))|."" , ""$1 "") )"),"") | J21: =IFERROR(__xludf.DUMMYFUNCTION("TRIM(REGEXREPLACE(R21 , ""FDCAN(._[\w_]+)|."" , ""$1 "") )"),"") | K21: =IFERROR(__xludf.DUMMYFUNCTION("TRIM(REGEXREPLACE(R21 , ""ETH_([\w_]+)|."" , ""$1 "") )"),"MII_RXD3") -> MII_RXD3 | L21: =IFERROR(__xludf.DUMMYFUNCTION("TRIM(REGEXREPLACE(R21 , ""TIM(._\w+)|."" , ""$1 "") )"),"1_CH3N 3_CH4 8_CH3N") -> 1_CH3N 3_CH4 8_CH3N | M21: =IFERROR(__xludf.DUMMYFUNCTION("TRIM(REGEXREPLACE(R21 , ""OTG_([\w_]+)|."" , ""$1 "") )"),"HS_ULPI_D2") -> HS_ULPI_D2 | N21: =IFERROR(__xludf.DUMMYFUNCTION("TRIM(REGEXREPLACE(R21 , ""US?ART(._(TX|RX))|."" , ""$1 "") )"),"") | O21: =IFERROR(__xludf.DUMMYFUNCTION("TRIM(REGEXREPLACE(Q21 , ""DAC(\d+_OUT\d+)|."" , ""$1 "") )"),"") | P21: =IFERROR(__xludf.DUMMYFUNCTION("TRIM(REGEXREPLACE(REGEXREPLACE(R21, "","", "" ""), ""(EVENTOUT|TRACECLK|TRACED.|SPI._[^ ]*|SAI._[^ ]*|ETH_[^ ]*|QUADSPI_[^ ]*|FMC_[^ ]*|UART._[^ ]*|FDCAN._[^ ]*|DFSDM._[^ ]*|OTG_[^ ]*|TIM\d+_[^ ]*)( |$)"", "" ""))"),"LCD_R6 LCD_G0") -> LCD_R6 LCD_G0 | Q21: ADC12_INP5,COMP1_INM | R21: TIM1_CH3N, TIM3_CH4,TIM8_CH3N,DFSDM1_DATIN1,LCD_R6,OTG_HS_ULPI_D2,ETH_MII_RXD3,LCD_G0, EVENTOUT
A22: 46 | B22: PB10 | D22: =IF(COUNTIF(ConnectorPins!$F$2:$F$999, B22) > 0, MATCH(B22, ConnectorPins!$F$2:$F$999, 0), IF(COUNTIF(ConnectorPins!$I$2:$I$999, B22) > 0, MATCH(B22, ConnectorPins!$I$2:$I$999, 0) + 35, "")) -> 54 | F22: TIM2_CH3 | G22: =IFERROR(__xludf.DUMMYFUNCTION("TRIM(REGEXREPLACE(Q22 , ""ADC(\d+_(INN\d+|INP\d+)*)|."" , ""$1 "") )"),"") | I22: =IFERROR(__xludf.DUMMYFUNCTION("TRIM(REGEXREPLACE(R22 , ""SPI(._(MOSI|MISO|SCK))|."" , ""$1 "") )"),"2_SCK") -> 2_SCK | J22: =IFERROR(__xludf.DUMMYFUNCTION("TRIM(REGEXREPLACE(R22 , ""FDCAN(._[\w_]+)|."" , ""$1 "") )"),"") | K22: =IFERROR(__xludf.DUMMYFUNCTION("TRIM(REGEXREPLACE(R22 , ""ETH_([\w_]+)|."" , ""$1 "") )"),"MII_RX_ER") -> MII_RX_ER | L22: =IFERROR(__xludf.DUMMYFUNCTION("TRIM(REGEXREPLACE(R22 , ""TIM(._\w+)|."" , ""$1 "") )"),"2_CH3 2_IN1") -> 2_CH3 2_IN1 | M22: =IFERROR(__xludf.DUMMYFUNCTION("TRIM(REGEXREPLACE(R22 , ""OTG_([\w_]+)|."" , ""$1 "") )"),"HS_ULPI_D3") -> HS_ULPI_D3 | N22: =IFERROR(__xludf.DUMMYFUNCTION("TRIM(REGEXREPLACE(R22 , ""US?ART(._(TX|RX))|."" , ""$1 "") )"),"3_TX") -> 3_TX | O22: =IFERROR(__xludf.DUMMYFUNCTION("TRIM(REGEXREPLACE(Q22 , ""DAC(\d+_OUT\d+)|."" , ""$1 "") )"),"") | P22: =IFERROR(__xludf.DUMMYFUNCTION("TRIM(REGEXREPLACE(REGEXREPLACE(R22, "","", "" ""), ""(EVENTOUT|TRACECLK|TRACED.|SPI._[^ ]*|SAI._[^ ]*|ETH_[^ ]*|QUADSPI_[^ ]*|FMC_[^ ]*|UART._[^ ]*|FDCAN._[^ ]*|DFSDM._[^ ]*|OTG_[^ ]*|TIM\d+_[^ ]*)( |$)"", "" ""))"),"HRTIM_SCOUT LP I2C2_SCL USART3_TX LCD_G4") -> HRTIM_SCOUT LP I2C2_SCL USART3_TX LCD_G4 | R22: TIM2_CH3,HRTIM_SCOUT,LPTIM2_IN1, I2C2_SCL,SPI2_SCK/I2S2_CK,DFSDM1_DATIN7,USART3_TX,QUADSPI_BK1_NCS,OTG_HS_ULPI_D3,ETH_MII_RX_ER,LCD_G4, EVENTOUT
A23: 47 | B23: PB11 | D23: =IF(COUNTIF(ConnectorPins!$F$2:$F$999, B23) > 0, MATCH(B23, ConnectorPins!$F$2:$F$999, 0), IF(COUNTIF(ConnectorPins!$I$2:$I$999, B23) > 0, MATCH(B23, ConnectorPins!$I$2:$I$999, 0) + 35, "")) -> 55 | E23: ETH_RMII_TX_EN | F23: TIM2_CH4 | G23: =IFERROR(__xludf.DUMMYFUNCTION("TRIM(REGEXREPLACE(Q23 , ""ADC(\d+_(INN\d+|INP\d+)*)|."" , ""$1 "") )"),"") | I23: =IFERROR(__xludf.DUMMYFUNCTION("TRIM(REGEXREPLACE(R23 , ""SPI(._(MOSI|MISO|SCK))|."" , ""$1 "") )"),"") | J23: =IFERROR(__xludf.DUMMYFUNCTION("TRIM(REGEXREPLACE(R23 , ""FDCAN(._[\w_]+)|."" , ""$1 "") )"),"") | K23: =IFERROR(__xludf.DUMMYFUNCTION("TRIM(REGEXREPLACE(R23 , ""ETH_([\w_]+)|."" , ""$1 "") )"),"MII_TX_EN RMII_TX_EN") -> MII_TX_EN RMII_TX_EN | L23: =IFERROR(__xludf.DUMMYFUNCTION("TRIM(REGEXREPLACE(R23 , ""TIM(._\w+)|."" , ""$1 "") )"),"2_CH4 2_ETR") -> 2_CH4 2_ETR | M23: =IFERROR(__xludf.DUMMYFUNCTION("TRIM(REGEXREPLACE(R23 , ""OTG_([\w_]+)|."" , ""$1 "") )"),"HS_ULPI_D4") -> HS_ULPI_D4 | N23: =IFERROR(__xludf.DUMMYFUNCTION("TRIM(REGEXREPLACE(R23 , ""US?ART(._(TX|RX))|."" , ""$1 "") )"),"3_RX") -> 3_RX | O23: =IFERROR(__xludf.DUMMYFUNCTION("TRIM(REGEXREPLACE(Q23 , ""DAC(\d+_OUT\d+)|."" , ""$1 "") )"),"") | P23: =IFERROR(__xludf.DUMMYFUNCTION("TRIM(REGEXREPLACE(REGEXREPLACE(R23, "","", "" ""), ""(EVENTOUT|TRACECLK|TRACED.|SPI._[^ ]*|SAI._[^ ]*|ETH_[^ ]*|QUADSPI_[^ ]*|FMC_[^ ]*|UART._[^ ]*|FDCAN._[^ ]*|DFSDM._[^ ]*|OTG_[^ ]*|TIM\d+_[^ ]*)( |$)"", "" ""))"),"HRTIM_SCIN LP I2C2_SDA USART3_RX LCD_G5") -> HRTIM_SCIN LP I2C2_SDA USART3_RX LCD_G5 | R23: TIM2_CH4,HRTIM_SCIN,LPTIM2_ETR,I2C2_SDA,DFSDM1_CKIN7,USART3_RX,OTG_HS_ULPI_D4,ETH_MII_TX_EN/ETH_RMII_TX_EN, LCD_G5,EVENTOUT
A24: 51 | B24: PB12 | D24: =IF(COUNTIF(ConnectorPins!$F$2:$F$999, B24) > 0, MATCH(B24, ConnectorPins!$F$2:$F$999, 0), IF(COUNTIF(ConnectorPins!$I$2:$I$999, B24) > 0, MATCH(B24, ConnectorPins!$I$2:$I$999, 0) + 35, "")) -> 56 | E24: ETH_RMII_TXD0 | F24: FDCAN2_RX | G24: =IFERROR(__xludf.DUMMYFUNCTION("TRIM(REGEXREPLACE(Q24 , ""ADC(\d+_(INN\d+|INP\d+)*)|."" , ""$1 "") )"),"") | I24: =IFERROR(__xludf.DUMMYFUNCTION("TRIM(REGEXREPLACE(R24 , ""SPI(._(MOSI|MISO|SCK))|."" , ""$1 "") )"),"") | J24: =IFERROR(__xludf.DUMMYFUNCTION("TRIM(REGEXREPLACE(R24 , ""FDCAN(._[\w_]+)|."" , ""$1 "") )"),"2_RX") -> 2_RX | K24: =IFERROR(__xludf.DUMMYFUNCTION("TRIM(REGEXREPLACE(R24 , ""ETH_([\w_]+)|."" , ""$1 "") )"),"MII_TXD0 RMII_TXD0") -> MII_TXD0 RMII_TXD0 | L24: =IFERROR(__xludf.DUMMYFUNCTION("TRIM(REGEXREPLACE(R24 , ""TIM(._\w+)|."" , ""$1 "") )"),"1_BKIN 1_BKIN_COMP12") -> 1_BKIN 1_BKIN_COMP12 | M24: =IFERROR(__xludf.DUMMYFUNCTION("TRIM(REGEXREPLACE(R24 , ""OTG_([\w_]+)|."" , ""$1 "") )"),"HS_ULPI_D5 HS_ID") -> HS_ULPI_D5 HS_ID | N24: =IFERROR(__xludf.DUMMYFUNCTION("TRIM(REGEXREPLACE(R24 , ""US?ART(._(TX|RX))|."" , ""$1 "") )"),"5_RX") -> 5_RX | O24: =IFERROR(__xludf.DUMMYFUNCTION("TRIM(REGEXREPLACE(Q24 , ""DAC(\d+_OUT\d+)|."" , ""$1 "") )"),"") | P24: =IFERROR(__xludf.DUMMYFUNCTION("TRIM(REGEXREPLACE(REGEXREPLACE(R24, "","", "" ""), ""(EVENTOUT|TRACECLK|TRACED.|SPI._[^ ]*|SAI._[^ ]*|ETH_[^ ]*|QUADSPI_[^ ]*|FMC_[^ ]*|UART._[^ ]*|FDCAN._[^ ]*|DFSDM._[^ ]*|OTG_[^ ]*|TIM\d+_[^ ]*)( |$)"", "" ""))"),"I2C2_SMBA USART3_CK") -> I2C2_SMBA USART3_CK | R24: TIM1_BKIN, I2C2_SMBA,SPI2_NSS/I2S2_WS,DFSDM1_DATIN1,USART3_CK,FDCAN2_RX,OTG_HS_ULPI_D5,ETH_MII_TXD0/ETH_RMII_TXD0, OTG_HS_ID,TIM1_BKIN_COMP12,UART5_RX, EVENTOUT
A25: 52 | B25: PB13 | D25: =IF(COUNTIF(ConnectorPins!$F$2:$F$999, B25) > 0, MATCH(B25, ConnectorPins!$F$2:$F$999, 0), IF(COUNTIF(ConnectorPins!$I$2:$I$999, B25) > 0, MATCH(B25, ConnectorPins!$I$2:$I$999, 0) + 35, "")) -> 57 | E25: ETH_RMII_TXD1 | F25: FDCAN2_TX | G25: =IFERROR(__xludf.DUMMYFUNCTION("TRIM(REGEXREPLACE(Q25 , ""ADC(\d+_(INN\d+|INP\d+)*)|."" , ""$1 "") )"),"") | I25: =IFERROR(__xludf.DUMMYFUNCTION("TRIM(REGEXREPLACE(R25 , ""SPI(._(MOSI|MISO|SCK))|."" , ""$1 "") )"),"2_SCK") -> 2_SCK | J25: =IFERROR(__xludf.DUMMYFUNCTION("TRIM(REGEXREPLACE(R25 , ""FDCAN(._[\w_]+)|."" , ""$1 "") )"),"2_TX") -> 2_TX | K25: =IFERROR(__xludf.DUMMYFUNCTION("TRIM(REGEXREPLACE(R25 , ""ETH_([\w_]+)|."" , ""$1 "") )"),"MII_TXD1 RMII_TXD1") -> MII_TXD1 RMII_TXD1 | L25: =IFERROR(__xludf.DUMMYFUNCTION("TRIM(REGEXREPLACE(R25 , ""TIM(._\w+)|."" , ""$1 "") )"),"1_CH1N 2_OUT") -> 1_CH1N 2_OUT | M25: =IFERROR(__xludf.DUMMYFUNCTION("TRIM(REGEXREPLACE(R25 , ""OTG_([\w_]+)|."" , ""$1 "") )"),"HS_ULPI_D6") -> HS_ULPI_D6 | N25: =IFERROR(__xludf.DUMMYFUNCTION("TRIM(REGEXREPLACE(R25 , ""US?ART(._(TX|RX))|."" , ""$1 "") )"),"5_TX") -> 5_TX | O25: =IFERROR(__xludf.DUMMYFUNCTION("TRIM(REGEXREPLACE(Q25 , ""DAC(\d+_OUT\d+)|."" , ""$1 "") )"),"") | P25: =IFERROR(__xludf.DUMMYFUNCTION("TRIM(REGEXREPLACE(REGEXREPLACE(R25, "","", "" ""), ""(EVENTOUT|TRACECLK|TRACED.|SPI._[^ ]*|SAI._[^ ]*|ETH_[^ ]*|QUADSPI_[^ ]*|FMC_[^ ]*|UART._[^ ]*|FDCAN._[^ ]*|DFSDM._[^ ]*|OTG_[^ ]*|TIM\d+_[^ ]*)( |$)"", "" ""))"),"LP USART3_CTS/USART3_NSS") -> LP USART3_CTS/USART3_NSS | Q25: OTG_HS_VBUS | R25: TIM1_CH1N,LPTIM2_OUT,SPI2_SCK/I2S2_CK,DFSDM1_CKIN1,USART3_CTS/USART3_NSS, FDCAN2_TX,OTG_HS_ULPI_D6,ETH_MII_TXD1/ETH_RMII_TXD1, UART5_TX,EVENTOUT
A26: 53 | B26: PB14 | C26: SPI2_MISO | D26: =IF(COUNTIF(ConnectorPins!$F$2:$F$999, B26) > 0, MATCH(B26, ConnectorPins!$F$2:$F$999, 0), IF(COUNTIF(ConnectorPins!$I$2:$I$999, B26) > 0, MATCH(B26, ConnectorPins!$I$2:$I$999, 0) + 35, "")) | G26: =IFERROR(__xludf.DUMMYFUNCTION("TRIM(REGEXREPLACE(Q26 , ""ADC(\d+_(INN\d+|INP\d+)*)|."" , ""$1 "") )"),"") | I26: =IFERROR(__xludf.DUMMYFUNCTION("TRIM(REGEXREPLACE(R26 , ""SPI(._(MOSI|MISO|SCK))|."" , ""$1 "") )"),"2_MISO") -> 2_MISO | J26: =IFERROR(__xludf.DUMMYFUNCTION("TRIM(REGEXREPLACE(R26 , ""FDCAN(._[\w_]+)|."" , ""$1 "") )"),"") | K26: =IFERROR(__xludf.DUMMYFUNCTION("TRIM(REGEXREPLACE(R26 , ""ETH_([\w_]+)|."" , ""$1 "") )"),"") | L26: =IFERROR(__xludf.DUMMYFUNCTION("TRIM(REGEXREPLACE(R26 , ""TIM(._\w+)|."" , ""$1 "") )"),"1_CH2N 8_CH2N") -> 1_CH2N 8_CH2N | M26: =IFERROR(__xludf.DUMMYFUNCTION("TRIM(REGEXREPLACE(R26 , ""OTG_([\w_]+)|."" , ""$1 "") )"),"HS_DM") -> HS_DM | N26: =IFERROR(__xludf.DUMMYFUNCTION("TRIM(REGEXREPLACE(R26 , ""US?ART(._(TX|RX))|."" , ""$1 "") )"),"1_TX") -> 1_TX | O26: =IFERROR(__xludf.DUMMYFUNCTION("TRIM(REGEXREPLACE(Q26 , ""DAC(\d+_OUT\d+)|."" , ""$1 "") )"),"") | P26: =IFERROR(__xludf.DUMMYFUNCTION("TRIM(REGEXREPLACE(REGEXREPLACE(R26, "","", "" ""), ""(EVENTOUT|TRACECLK|TRACED.|SPI._[^ ]*|SAI._[^ ]*|ETH_[^ ]*|QUADSPI_[^ ]*|FMC_[^ ]*|UART._[^ ]*|FDCAN._[^ ]*|DFSDM._[^ ]*|OTG_[^ ]*|TIM\d+_[^ ]*)( |$)"", "" ""))"),"USART1_TX USART3_RTS/USART3_DE SDMMC2_D0") -> USART1_TX USART3_RTS/USART3_DE SDMMC2_D0 | R26: TIM1_CH2N,TIM12_CH1,TIM8_CH2N,USART1_TX,SPI2_MISO/I2S2_SDI,DFSDM1_DATIN2,USART3_RTS/USART3_DE,UART4_RTS/UART4_DE, SDMMC2_D0,OTG_HS_DM,EVENTOUT
A27: 54 | B27: PB15 | C27: SPI2_MOSI | D27: =IF(COUNTIF(ConnectorPins!$F$2:$F$999, B27) > 0, MATCH(B27, ConnectorPins!$F$2:$F$999, 0), IF(COUNTIF(ConnectorPins!$I$2:$I$999, B27) > 0, MATCH(B27, ConnectorPins!$I$2:$I$999, 0), "")) | G27: =IFERROR(__xludf.DUMMYFUNCTION("TRIM(REGEXREPLACE(Q27 , ""ADC(\d+_(INN\d+|INP\d+)*)|."" , ""$1 "") )"),"") | I27: =IFERROR(__xludf.DUMMYFUNCTION("TRIM(REGEXREPLACE(R27 , ""SPI(._(MOSI|MISO|SCK))|."" , ""$1 "") )"),"2_MOSI") -> 2_MOSI | J27: =IFERROR(__xludf.DUMMYFUNCTION("TRIM(REGEXREPLACE(R27 , ""FDCAN(._[\w_]+)|."" , ""$1 "") )"),"") | K27: =IFERROR(__xludf.DUMMYFUNCTION("TRIM(REGEXREPLACE(R27 , ""ETH_([\w_]+)|."" , ""$1 "") )"),"") | L27: =IFERROR(__xludf.DUMMYFUNCTION("TRIM(REGEXREPLACE(R27 , ""TIM(._\w+)|."" , ""$1 "") )"),"1_CH3N 8_CH3N") -> 1_CH3N 8_CH3N | M27: =IFERROR(__xludf.DUMMYFUNCTION("TRIM(REGEXREPLACE(R27 , ""OTG_([\w_]+)|."" , ""$1 "") )"),"HS_DP") -> HS_DP | N27: =IFERROR(__xludf.DUMMYFUNCTION("TRIM(REGEXREPLACE(R27 , ""US?ART(._(TX|RX))|."" , ""$1 "") )"),"1_RX") -> 1_RX | O27: =IFERROR(__xludf.DUMMYFUNCTION("TRIM(REGEXREPLACE(Q27 , ""DAC(\d+_OUT\d+)|."" , ""$1 "") )"),"") | P27: =IFERROR(__xludf.DUMMYFUNCTION("TRIM(REGEXREPLACE(REGEXREPLACE(R27, "","", "" ""), ""(EVENTOUT|TRACECLK|TRACED.|SPI._[^ ]*|SAI._[^ ]*|ETH_[^ ]*|QUADSPI_[^ ]*|FMC_[^ ]*|UART._[^ ]*|FDCAN._[^ ]*|DFSDM._[^ ]*|OTG_[^ ]*|TIM\d+_[^ ]*)( |$)"", "" ""))"),"RTC_REFIN USART1_RX SDMMC2_D1") -> RTC_REFIN USART1_RX SDMMC2_D1 | R27: RTC_REFIN,TIM1_CH3N,TIM12_CH2,TIM8_CH3N,USART1_RX,SPI2_MOSI/I2S2_SDO,DFSDM1_CKIN2,UART4_CTS,SDMMC2_D1,OTG_HS_DP,EVENTOUT
A28: 36 | B28: PB2 | D28: =IF(COUNTIF(ConnectorPins!$F$2:$F$999, B28) > 0, MATCH(B28, ConnectorPins!$F$2:$F$999, 0), IF(COUNTIF(ConnectorPins!$I$2:$I$999, B28) > 0, MATCH(B28, ConnectorPins!$I$2:$I$999, 0) + 35, "")) | G28: =IFERROR(__xludf.DUMMYFUNCTION("TRIM(REGEXREPLACE(Q28 , ""ADC(\d+_(INN\d+|INP\d+)*)|."" , ""$1 "") )"),"") | I28: =IFERROR(__xludf.DUMMYFUNCTION("TRIM(REGEXREPLACE(R28 , ""SPI(._(MOSI|MISO|SCK))|."" , ""$1 "") )"),"3_MOSI") -> 3_MOSI | J28: =IFERROR(__xludf.DUMMYFUNCTION("TRIM(REGEXREPLACE(R28 , ""FDCAN(._[\w_]+)|."" , ""$1 "") )"),"") | K28: =IFERROR(__xludf.DUMMYFUNCTION("TRIM(REGEXREPLACE(R28 , ""ETH_([\w_]+)|."" , ""$1 "") )"),"") | L28: =IFERROR(__xludf.DUMMYFUNCTION("TRIM(REGEXREPLACE(R28 , ""TIM(._\w+)|."" , ""$1 "") )"),"") | M28: =IFERROR(__xludf.DUMMYFUNCTION("TRIM(REGEXREPLACE(R28 , ""OTG_([\w_]+)|."" , ""$1 "") )"),"") | N28: =IFERROR(__xludf.DUMMYFUNCTION("TRIM(REGEXREPLACE(R28 , ""US?ART(._(TX|RX))|."" , ""$1 "") )"),"") | O28: =IFERROR(__xludf.DUMMYFUNCTION("TRIM(REGEXREPLACE(Q28 , ""DAC(\d+_OUT\d+)|."" , ""$1 "") )"),"") | P28: =IFERROR(__xludf.DUMMYFUNCTION("TRIM(REGEXREPLACE(REGEXREPLACE(R28, "","", "" ""), ""(EVENTOUT|TRACECLK|TRACED.|SPI._[^ ]*|SAI._[^ ]*|ETH_[^ ]*|QUADSPI_[^ ]*|FMC_[^ ]*|UART._[^ ]*|FDCAN._[^ ]*|DFSDM._[^ ]*|OTG_[^ ]*|TIM\d+_[^ ]*)( |$)"", "" ""))"),"RTC_OUT") -> RTC_OUT | Q28: COMP1_INP | R28: RTC_OUT, SAI1_D1,DFSDM1_CKIN1,SAI1_SD_A,SPI3_MOSI/I2S3_SDO,SAI4_SD_A,QUADSPI_CLK,SAI4_D1, EVENTOUT
A29: 89 | B29: PB3(JTDO/TRACESWO) | C29: SWO | D29: =IF(COUNTIF(ConnectorPins!$F$2:$F$999, B29) > 0, MATCH(B29, ConnectorPins!$F$2:$F$999, 0), IF(COUNTIF(ConnectorPins!$I$2:$I$999, B29) > 0, MATCH(B29, ConnectorPins!$I$2:$I$999, 0), "")) | G29: =IFERROR(__xludf.DUMMYFUNCTION("TRIM(REGEXREPLACE(Q29 , ""ADC(\d+_(INN\d+|INP\d+)*)|."" , ""$1 "") )"),"") | I29: =IFERROR(__xludf.DUMMYFUNCTION("TRIM(REGEXREPLACE(R29 , ""SPI(._(MOSI|MISO|SCK))|."" , ""$1 "") )"),"1_SCK 3_SCK 6_SCK") -> 1_SCK 3_SCK 6_SCK | J29: =IFERROR(__xludf.DUMMYFUNCTION("TRIM(REGEXREPLACE(R29 , ""FDCAN(._[\w_]+)|."" , ""$1 "") )"),"") | K29: =IFERROR(__xludf.DUMMYFUNCTION("TRIM(REGEXREPLACE(R29 , ""ETH_([\w_]+)|."" , ""$1 "") )"),"") | L29: =IFERROR(__xludf.DUMMYFUNCTION("TRIM(REGEXREPLACE(R29 , ""TIM(._\w+)|."" , ""$1 "") )"),"2_CH2") -> 2_CH2 | M29: =IFERROR(__xludf.DUMMYFUNCTION("TRIM(REGEXREPLACE(R29 , ""OTG_([\w_]+)|."" , ""$1 "") )"),"") | N29: =IFERROR(__xludf.DUMMYFUNCTION("TRIM(REGEXREPLACE(R29 , ""US?ART(._(TX|RX))|."" , ""$1 "") )"),"7_RX") -> 7_RX | O29: =IFERROR(__xludf.DUMMYFUNCTION("TRIM(REGEXREPLACE(Q29 , ""DAC(\d+_OUT\d+)|."" , ""$1 "") )"),"") | P29: =IFERROR(__xludf.DUMMYFUNCTION("TRIM(REGEXREPLACE(REGEXREPLACE(R29, "","", "" ""), ""(EVENTOUT|TRACECLK|TRACED.|SPI._[^ ]*|SAI._[^ ]*|ETH_[^ ]*|QUADSPI_[^ ]*|FMC_[^ ]*|UART._[^ ]*|FDCAN._[^ ]*|DFSDM._[^ ]*|OTG_[^ ]*|TIM\d+_[^ ]*)( |$)"", "" ""))"),"JTDO/TRACESWO HRTIM_FLT4 SDMMC2_D2 CRS_SYNC") -> JTDO/TRACESWO HRTIM_FLT4 SDMMC2_D2 CRS_SYNC | R29: JTDO/TRACESWO,TIM2_CH2,HRTIM_FLT4,SPI1_SCK/I2S1_CK,SPI3_SCK/I2S3_CK,SPI6_SCK,SDMMC2_D2,CRS_SYNC, UART7_RX,EVENTOUT
A30: 90 | B30: PB4(NJTRST) | C30: SPI1_MISO | D30: =IF(COUNTIF(ConnectorPins!$F$2:$F$999, B30) > 0, MATCH(B30, ConnectorPins!$F$2:$F$999, 0), IF(COUNTIF(ConnectorPins!$I$2:$I$999, B30) > 0, MATCH(B30, ConnectorPins!$I$2:$I$999, 0), "")) | G30: =IFERROR(__xludf.DUMMYFUNCTION("TRIM(REGEXREPLACE(Q30 , ""ADC(\d+_(INN\d+|INP\d+)*)|."" , ""$1 "") )"),"") | I30: =IFERROR(__xludf.DUMMYFUNCTION("TRIM(REGEXREPLACE(R30 , ""SPI(._(MOSI|MISO|SCK))|."" , ""$1 "") )"),"1_MISO 3_MISO 6_MISO") -> 1_MISO 3_MISO 6_MISO | J30: =IFERROR(__xludf.DUMMYFUNCTION("TRIM(REGEXREPLACE(R30 , ""FDCAN(._[\w_]+)|."" , ""$1 "") )"),"") | K30: =IFERROR(__xludf.DUMMYFUNCTION("TRIM(REGEXREPLACE(R30 , ""ETH_([\w_]+)|."" , ""$1 "") )"),"") | L30: =IFERROR(__xludf.DUMMYFUNCTION("TRIM(REGEXREPLACE(R30 , ""TIM(._\w+)|."" , ""$1 "") )"),"3_CH1") -> 3_CH1 | M30: =IFERROR(__xludf.DUMMYFUNCTION("TRIM(REGEXREPLACE(R30 , ""OTG_([\w_]+)|."" , ""$1 "") )"),"") | N30: =IFERROR(__xludf.DUMMYFUNCTION("TRIM(REGEXREPLACE(R30 , ""US?ART(._(TX|RX))|."" , ""$1 "") )"),"7_TX") -> 7_TX | O30: =IFERROR(__xludf.DUMMYFUNCTION("TRIM(REGEXREPLACE(Q30 , ""DAC(\d+_OUT\d+)|."" , ""$1 "") )"),"") | P30: =IFERROR(__xludf.DUMMYFUNCTION("TRIM(REGEXREPLACE(REGEXREPLACE(R30, "","", "" ""), ""(EVENTOUT|TRACECLK|TRACED.|SPI._[^ ]*|SAI._[^ ]*|ETH_[^ ]*|QUADSPI_[^ ]*|FMC_[^ ]*|UART._[^ ]*|FDCAN._[^ ]*|DFSDM._[^ ]*|OTG_[^ ]*|TIM\d+_[^ ]*)( |$)"", "" ""))"),"NJTRST HRTIM_EEV6 SDMMC2_D3") -> NJTRST HRTIM_EEV6 SDMMC2_D3 | R30: NJTRST, TIM16_BKIN,TIM3_CH1,HRTIM_EEV6,SPI1_MISO/I2S1_SDI,SPI3_MISO/I2S3_SDI,SPI2_NSS/I2S2_WS,SPI6_MISO,SDMMC2_D3,UART7_TX, EVENTOUT
A31: 91 | B31: PB5 | D31: =IF(COUNTIF(ConnectorPins!$F$2:$F$999, B31) > 0, MATCH(B31, ConnectorPins!$F$2:$F$999, 0), IF(COUNTIF(ConnectorPins!$I$2:$I$999, B31) > 0, MATCH(B31, ConnectorPins!$I$2:$I$999, 0), "")) -> 13 | E31: FDCAN2_RX | F31: UART5_RX | G31: =IFERROR(__xludf.DUMMYFUNCTION("TRIM(REGEXREPLACE(Q31 , ""ADC(\d+_(INN\d+|INP\d+)*)|."" , ""$1 "") )"),"") | I31: =IFERROR(__xludf.DUMMYFUNCTION("TRIM(REGEXREPLACE(R31 , ""SPI(._(MOSI|MISO|SCK))|."" , ""$1 "") )"),"1_MOSI 3_MOSI 6_MOSI") -> 1_MOSI 3_MOSI 6_MOSI | J31: =IFERROR(__xludf.DUMMYFUNCTION("TRIM(REGEXREPLACE(R31 , ""FDCAN(._[\w_]+)|."" , ""$1 "") )"),"2_RX") -> 2_RX | K31: =IFERROR(__xludf.DUMMYFUNCTION("TRIM(REGEXREPLACE(R31 , ""ETH_([\w_]+)|."" , ""$1 "") )"),"PPS_OUT") -> PPS_OUT | L31: =IFERROR(__xludf.DUMMYFUNCTION("TRIM(REGEXREPLACE(R31 , ""TIM(._\w+)|."" , ""$1 "") )"),"3_CH2") -> 3_CH2 | M31: =IFERROR(__xludf.DUMMYFUNCTION("TRIM(REGEXREPLACE(R31 , ""OTG_([\w_]+)|."" , ""$1 "") )"),"HS_ULPI_D7") -> HS_ULPI_D7 | N31: =IFERROR(__xludf.DUMMYFUNCTION("TRIM(REGEXREPLACE(R31 , ""US?ART(._(TX|RX))|."" , ""$1 "") )"),"5_RX") -> 5_RX | O31: =IFERROR(__xludf.DUMMYFUNCTION("TRIM(REGEXREPLACE(Q31 , ""DAC(\d+_OUT\d+)|."" , ""$1 "") )"),"") | P31: =IFERROR(__xludf.DUMMYFUNCTION("TRIM(REGEXREPLACE(REGEXREPLACE(R31, "","", "" ""), ""(EVENTOUT|TRACECLK|TRACED.|SPI._[^ ]*|SAI._[^ ]*|ETH_[^ ]*|QUADSPI_[^ ]*|FMC_[^ ]*|UART._[^ ]*|FDCAN._[^ ]*|DFSDM._[^ ]*|OTG_[^ ]*|TIM\d+_[^ ]*)( |$)"", "" ""))"),"HRTIM_EEV7 I2C1_SMBA I2C4_SMBA DCMI_D10") -> HRTIM_EEV7 I2C1_SMBA I2C4_SMBA DCMI_D10 | R31: TIM17_BKIN, TIM3_CH2,HRTIM_EEV7,I2C1_SMBA,SPI1_MOSI/I2S1_SDO,I2C4_SMBA,SPI3_MOSI/I2S3_SDO,SPI6_MOSI,FDCAN2_RX,OTG_HS_ULPI_D7,ETH_PPS_OUT,FMC_SDCKE1,DCMI_D10, UART5_RX,EVENTOUT
A32: 92 | B32: PB6 | D32: =IF(COUNTIF(ConnectorPins!$F$2:$F$999, B32) > 0, MATCH(B32, ConnectorPins!$F$2:$F$999, 0), IF(COUNTIF(ConnectorPins!$I$2:$I$999, B32) > 0, MATCH(B32, ConnectorPins!$I$2:$I$999, 0), "")) -> 14 | E32: FDCAN2_TX | F32: UART5_TX | G32: =IFERROR(__xludf.DUMMYFUNCTION("TRIM(REGEXREPLACE(Q32 , ""ADC(\d+_(INN\d+|INP\d+)*)|."" , ""$1 "") )"),"") | I32: =IFERROR(__xludf.DUMMYFUNCTION("TRIM(REGEXREPLACE(R32 , ""SPI(._(MOSI|MISO|SCK))|."" , ""$1 "") )"),"") | J32: =IFERROR(__xludf.DUMMYFUNCTION("TRIM(REGEXREPLACE(R32 , ""FDCAN(._[\w_]+)|."" , ""$1 "") )"),"2_TX") -> 2_TX | K32: =IFERROR(__xludf.DUMMYFUNCTION("TRIM(REGEXREPLACE(R32 , ""ETH_([\w_]+)|."" , ""$1 "") )"),"") | L32: =IFERROR(__xludf.DUMMYFUNCTION("TRIM(REGEXREPLACE(R32 , ""TIM(._\w+)|."" , ""$1 "") )"),"4_CH1") -> 4_CH1 | M32: =IFERROR(__xludf.DUMMYFUNCTION("TRIM(REGEXREPLACE(R32 , ""OTG_([\w_]+)|."" , ""$1 "") )"),"") | N32: =IFERROR(__xludf.DUMMYFUNCTION("TRIM(REGEXREPLACE(R32 , ""US?ART(._(TX|RX))|."" , ""$1 "") )"),"1_TX 1_TX 5_TX") -> 1_TX 1_TX 5_TX | O32: =IFERROR(__xludf.DUMMYFUNCTION("TRIM(REGEXREPLACE(Q32 , ""DAC(\d+_OUT\d+)|."" , ""$1 "") )"),"") | P32: =IFERROR(__xludf.DUMMYFUNCTION("TRIM(REGEXREPLACE(REGEXREPLACE(R32, "","", "" ""), ""(EVENTOUT|TRACECLK|TRACED.|SPI._[^ ]*|SAI._[^ ]*|ETH_[^ ]*|QUADSPI_[^ ]*|FMC_[^ ]*|UART._[^ ]*|FDCAN._[^ ]*|DFSDM._[^ ]*|OTG_[^ ]*|TIM\d+_[^ ]*)( |$)"", "" ""))"),"HRTIM_EEV8 I2C1_SCL CEC I2C4_SCL USART1_TX LP DCMI_D5") -> HRTIM_EEV8 I2C1_SCL CEC I2C4_SCL USART1_TX LP DCMI_D5 | R32: TIM16_CH1N,TIM4_CH1,HRTIM_EEV8,I2C1_SCL, CEC,I2C4_SCL, USART1_TX,LPUART1_TX,FDCAN2_TX,QUADSPI_BK1_NCS,DFSDM1_DATIN5,FMC_SDNE1, DCMI_D5,UART5_TX, EVENTOUT
A33: 93 | B33: PB7 | D33: =IF(COUNTIF(ConnectorPins!$F$2:$F$999, B33) > 0, MATCH(B33, ConnectorPins!$F$2:$F$999, 0), IF(COUNTIF(ConnectorPins!$I$2:$I$999, B33) > 0, MATCH(B33, ConnectorPins!$I$2:$I$999, 0), "")) -> 15 | G33: =IFERROR(__xludf.DUMMYFUNCTION("TRIM(REGEXREPLACE(Q33 , ""ADC(\d+_(INN\d+|INP\d+)*)|."" , ""$1 "") )"),"") | I33: =IFERROR(__xludf.DUMMYFUNCTION("TRIM(REGEXREPLACE(R33 , ""SPI(._(MOSI|MISO|SCK))|."" , ""$1 "") )"),"") | J33: =IFERROR(__xludf.DUMMYFUNCTION("TRIM(REGEXREPLACE(R33 , ""FDCAN(._[\w_]+)|."" , ""$1 "") )"),"") | K33: =IFERROR(__xludf.DUMMYFUNCTION("TRIM(REGEXREPLACE(R33 , ""ETH_([\w_]+)|."" , ""$1 "") )"),"") | L33: =IFERROR(__xludf.DUMMYFUNCTION("TRIM(REGEXREPLACE(R33 , ""TIM(._\w+)|."" , ""$1 "") )"),"4_CH2") -> 4_CH2 | M33: =IFERROR(__xludf.DUMMYFUNCTION("TRIM(REGEXREPLACE(R33 , ""OTG_([\w_]+)|."" , ""$1 "") )"),"") | N33: =IFERROR(__xludf.DUMMYFUNCTION("TRIM(REGEXREPLACE(R33 , ""US?ART(._(TX|RX))|."" , ""$1 "") )"),"1_RX 1_RX") -> 1_RX 1_RX | O33: =IFERROR(__xludf.DUMMYFUNCTION("TRIM(REGEXREPLACE(Q33 , ""DAC(\d+_OUT\d+)|."" , ""$1 "") )"),"") | P33: =IFERROR(__xludf.DUMMYFUNCTION("TRIM(REGEXREPLACE(REGEXREPLACE(R33, "","", "" ""), ""(EVENTOUT|TRACECLK|TRACED.|SPI._[^ ]*|SAI._[^ ]*|ETH_[^ ]*|QUADSPI_[^ ]*|FMC_[^ ]*|UART._[^ ]*|FDCAN._[^ ]*|DFSDM._[^ ]*|OTG_[^ ]*|TIM\d+_[^ ]*)( |$)"", "" ""))"),"HRTIM_EEV9 I2C1_SDA I2C4_SDA USART1_RX LP DCMI_VSYNC") -> HRTIM_EEV9 I2C1_SDA I2C4_SDA USART1_RX LP DCMI_VSYNC | Q33: PVD_IN | R33: TIM17_CH1N,TIM4_CH2,HRTIM_EEV9,I2C1_SDA, I2C4_SDA,USART1_RX,LPUART1_RX,DFSDM1_CKIN5,FMC_NL, DCMI_VSYNC,EVENTOUT
A34: 95 | B34: PB8 | D34: =IF(COUNTIF(ConnectorPins!$F$2:$F$999, B34) > 0, MATCH(B34, ConnectorPins!$F$2:$F$999, 0), IF(COUNTIF(ConnectorPins!$I$2:$I$999, B34) > 0, MATCH(B34, ConnectorPins!$I$2:$I$999, 0), "")) -> 16 | E34: FDCAN1_RX | G34: =IFERROR(__xludf.DUMMYFUNCTION("TRIM(REGEXREPLACE(Q34 , ""ADC(\d+_(INN\d+|INP\d+)*)|."" , ""$1 "") )"),"") | I34: =IFERROR(__xludf.DUMMYFUNCTION("TRIM(REGEXREPLACE(R34 , ""SPI(._(MOSI|MISO|SCK))|."" , ""$1 "") )"),"") | J34: =IFERROR(__xludf.DUMMYFUNCTION("TRIM(REGEXREPLACE(R34 , ""FDCAN(._[\w_]+)|."" , ""$1 "") )"),"1_RX") -> 1_RX | K34: =IFERROR(__xludf.DUMMYFUNCTION("TRIM(REGEXREPLACE(R34 , ""ETH_([\w_]+)|."" , ""$1 "") )"),"MII_TXD3") -> MII_TXD3 | L34: =IFERROR(__xludf.DUMMYFUNCTION("TRIM(REGEXREPLACE(R34 , ""TIM(._\w+)|."" , ""$1 "") )"),"4_CH3") -> 4_CH3 | M34: =IFERROR(__xludf.DUMMYFUNCTION("TRIM(REGEXREPLACE(R34 , ""OTG_([\w_]+)|."" , ""$1 "") )"),"") | N34: =IFERROR(__xludf.DUMMYFUNCTION("TRIM(REGEXREPLACE(R34 , ""US?ART(._(TX|RX))|."" , ""$1 "") )"),"4_RX") -> 4_RX | O34: =IFERROR(__xludf.DUMMYFUNCTION("TRIM(REGEXREPLACE(Q34 , ""DAC(\d+_OUT\d+)|."" , ""$1 "") )"),"") | P34: =IFERROR(__xludf.DUMMYFUNCTION("TRIM(REGEXREPLACE(REGEXREPLACE(R34, "","", "" ""), ""(EVENTOUT|TRACECLK|TRACED.|SPI._[^ ]*|SAI._[^ ]*|ETH_[^ ]*|QUADSPI_[^ ]*|FMC_[^ ]*|UART._[^ ]*|FDCAN._[^ ]*|DFSDM._[^ ]*|OTG_[^ ]*|TIM\d+_[^ ]*)( |$)"", "" ""))"),"I2C1_SCL I2C4_SCL SDMMC1_CKIN SDMMC2_D4 SDMMC1_D4 DCMI_D6 LCD_B6") -> I2C1_SCL I2C4_SCL SDMMC1_CKIN SDMMC2_D4 SDMMC1_D4 DCMI_D6 LCD_B6 | R34: TIM16_CH1, TIM4_CH3,DFSDM1_CKIN7,I2C1_SCL, I2C4_SCL,SDMMC1_CKIN,UART4_RX,FDCAN1_RX,SDMMC2_D4,ETH_MII_TXD3,SDMMC1_D4, DCMI_D6,LCD_B6, EVENTOUT
A35: 96 | B35: PB9 | D35: =IF(COUNTIF(ConnectorPins!$F$2:$F$999, B35) > 0, MATCH(B35, ConnectorPins!$F$2:$F$999, 0), IF(COUNTIF(ConnectorPins!$I$2:$I$999, B35) > 0, MATCH(B35, ConnectorPins!$I$2:$I$999, 0), "")) -> 17 | E35: FDCAN1_TX | G35: =IFERROR(__xludf.DUMMYFUNCTION("TRIM(REGEXREPLACE(Q35 , ""ADC(\d+_(INN\d+|INP\d+)*)|."" , ""$1 "") )"),"") | I35: =IFERROR(__xludf.DUMMYFUNCTION("TRIM(REGEXREPLACE(R35 , ""SPI(._(MOSI|MISO|SCK))|."" , ""$1 "") )"),"") | J35: =IFERROR(__xludf.DUMMYFUNCTION("TRIM(REGEXREPLACE(R35 , ""FDCAN(._[\w_]+)|."" , ""$1 "") )"),"1_TX") -> 1_TX | K35: =IFERROR(__xludf.DUMMYFUNCTION("TRIM(REGEXREPLACE(R35 , ""ETH_([\w_]+)|."" , ""$1 "") )"),"") | L35: =IFERROR(__xludf.DUMMYFUNCTION("TRIM(REGEXREPLACE(R35 , ""TIM(._\w+)|."" , ""$1 "") )"),"4_CH4") -> 4_CH4 | M35: =IFERROR(__xludf.DUMMYFUNCTION("TRIM(REGEXREPLACE(R35 , ""OTG_([\w_]+)|."" , ""$1 "") )"),"") | N35: =IFERROR(__xludf.DUMMYFUNCTION("TRIM(REGEXREPLACE(R35 , ""US?ART(._(TX|RX))|."" , ""$1 "") )"),"4_TX") -> 4_TX | O35: =IFERROR(__xludf.DUMMYFUNCTION("TRIM(REGEXREPLACE(Q35 , ""DAC(\d+_OUT\d+)|."" , ""$1 "") )"),"") | P35: =IFERROR(__xludf.DUMMYFUNCTION("TRIM(REGEXREPLACE(REGEXREPLACE(R35, "","", "" ""), ""(EVENTOUT|TRACECLK|TRACED.|SPI._[^ ]*|SAI._[^ ]*|ETH_[^ ]*|QUADSPI_[^ ]*|FMC_[^ ]*|UART._[^ ]*|FDCAN._[^ ]*|DFSDM._[^ ]*|OTG_[^ ]*|TIM\d+_[^ ]*)( |$)"", "" ""))"),"I2C1_SDA I2C4_SDA SDMMC1_CDIR SDMMC2_D5 I2C4_SMBA SDMMC1_D5 DCMI_D7 LCD_B7") -> I2C1_SDA I2C4_SDA SDMMC1_CDIR SDMMC2_D5 I2C4_SMBA SDMMC1_D5 DCMI_D7 LCD_B7 | R35: TIM17_CH1, TIM4_CH4,DFSDM1_DATIN7,I2C1_SDA,SPI2_NSS/I2S2_WS,I2C4_SDA,SDMMC1_CDIR,UART4_TX,FDCAN1_TX,SDMMC2_D5,I2C4_SMBA,SDMMC1_D5, DCMI_D7,LCD_B7, EVENTOUT
A36: 15 | B36: PC0 | D36: =IF(COUNTIF(ConnectorPins!$F$2:$F$999, B36) > 0, MATCH(B36, ConnectorPins!$F$2:$F$999, 0), IF(COUNTIF(ConnectorPins!$I$2:$I$999, B36) > 0, MATCH(B36, ConnectorPins!$I$2:$I$999, 0) + 35, "")) -> 67 | G36: =IFERROR(__xludf.DUMMYFUNCTION("TRIM(REGEXREPLACE(Q36 , ""ADC(\d+_(INN\d+|INP\d+)*)|."" , ""$1 "") )"),"123_INP10") -> 123_INP10 | I36: =IFERROR(__xludf.DUMMYFUNCTION("TRIM(REGEXREPLACE(R36 , ""SPI(._(MOSI|MISO|SCK))|."" , ""$1 "") )"),"") | J36: =IFERROR(__xludf.DUMMYFUNCTION("TRIM(REGEXREPLACE(R36 , ""FDCAN(._[\w_]+)|."" , ""$1 "") )"),"") | K36: =IFERROR(__xludf.DUMMYFUNCTION("TRIM(REGEXREPLACE(R36 , ""ETH_([\w_]+)|."" , ""$1 "") )"),"") | L36: =IFERROR(__xludf.DUMMYFUNCTION("TRIM(REGEXREPLACE(R36 , ""TIM(._\w+)|."" , ""$1 "") )"),"") | M36: =IFERROR(__xludf.DUMMYFUNCTION("TRIM(REGEXREPLACE(R36 , ""OTG_([\w_]+)|."" , ""$1 "") )"),"HS_ULPI_STP") -> HS_ULPI_STP | N36: =IFERROR(__xludf.DUMMYFUNCTION("TRIM(REGEXREPLACE(R36 , ""US?ART(._(TX|RX))|."" , ""$1 "") )"),"") | O36: =IFERROR(__xludf.DUMMYFUNCTION("TRIM(REGEXREPLACE(Q36 , ""DAC(\d+_OUT\d+)|."" , ""$1 "") )"),"") | P36: =IFERROR(__xludf.DUMMYFUNCTION("TRIM(REGEXREPLACE(REGEXREPLACE(R36, "","", "" ""), ""(EVENTOUT|TRACECLK|TRACED.|SPI._[^ ]*|SAI._[^ ]*|ETH_[^ ]*|QUADSPI_[^ ]*|FMC_[^ ]*|UART._[^ ]*|FDCAN._[^ ]*|DFSDM._[^ ]*|OTG_[^ ]*|TIM\d+_[^ ]*)( |$)"", "" ""))"),"LCD_R5") -> LCD_R5 | Q36: ADC123_INP10 | R36: DFSDM1_CKIN0,DFSDM1_DATIN4,SAI2_FS_B,OTG_HS_ULPI_STP,FMC_SDNWE, LCD_R5,EVENTOUT
A37: 16 | B37: PC1 | D37: =IF(COUNTIF(ConnectorPins!$F$2:$F$999, B37) > 0, MATCH(B37, ConnectorPins!$F$2:$F$999, 0), IF(COUNTIF(ConnectorPins!$I$2:$I$999, B37) > 0, MATCH(B37, ConnectorPins!$I$2:$I$999, 0) + 35, "")) -> 27 | E37: ETH_MDC | G37: =IFERROR(__xludf.DUMMYFUNCTION("TRIM(REGEXREPLACE(Q37 , ""ADC(\d+_(INN\d+|INP\d+)*)|."" , ""$1 "") )"),"123_INN10 123_INP11") -> 123_INN10 123_INP11 | I37: =IFERROR(__xludf.DUMMYFUNCTION("TRIM(REGEXREPLACE(R37 , ""SPI(._(MOSI|MISO|SCK))|."" , ""$1 "") )"),"2_MOSI") -> 2_MOSI | J37: =IFERROR(__xludf.DUMMYFUNCTION("TRIM(REGEXREPLACE(R37 , ""FDCAN(._[\w_]+)|."" , ""$1 "") )"),"") | K37: =IFERROR(__xludf.DUMMYFUNCTION("TRIM(REGEXREPLACE(R37 , ""ETH_([\w_]+)|."" , ""$1 "") )"),"MDC") -> MDC | L37: =IFERROR(__xludf.DUMMYFUNCTION("TRIM(REGEXREPLACE(R37 , ""TIM(._\w+)|."" , ""$1 "") )"),"") | M37: =IFERROR(__xludf.DUMMYFUNCTION("TRIM(REGEXREPLACE(R37 , ""OTG_([\w_]+)|."" , ""$1 "") )"),"") | N37: =IFERROR(__xludf.DUMMYFUNCTION("TRIM(REGEXREPLACE(R37 , ""US?ART(._(TX|RX))|."" , ""$1 "") )"),"") | O37: =IFERROR(__xludf.DUMMYFUNCTION("TRIM(REGEXREPLACE(Q37 , ""DAC(\d+_OUT\d+)|."" , ""$1 "") )"),"") | P37: =IFERROR(__xludf.DUMMYFUNCTION("TRIM(REGEXREPLACE(REGEXREPLACE(R37, "","", "" ""), ""(EVENTOUT|TRACECLK|TRACED.|SPI._[^ ]*|SAI._[^ ]*|ETH_[^ ]*|QUADSPI_[^ ]*|FMC_[^ ]*|UART._[^ ]*|FDCAN._[^ ]*|DFSDM._[^ ]*|OTG_[^ ]*|TIM\d+_[^ ]*)( |$)"", "" ""))"),"SDMMC2_CK MDIOS_MDC") -> SDMMC2_CK MDIOS_MDC | Q37: ADC123_INN10,ADC123_INP11,RTC_TAMP3/WKUP6 | R37: TRACED0, SAI1_D1,DFSDM1_DATIN0,DFSDM1_CKIN4,SPI2_MOSI/I2S2_SDO,SAI1_SD_A, SAI4_SD_A,SDMMC2_CK, SAI4_D1,ETH_MDC,MDIOS_MDC,EVENTOUT
A38: 78 | B38: PC10 | C38: SPI3_SCK | D38: =IF(COUNTIF(ConnectorPins!$F$2:$F$999, B38) > 0, MATCH(B38, ConnectorPins!$F$2:$F$999, 0), IF(COUNTIF(ConnectorPins!$I$2:$I$999, B38) > 0, MATCH(B38, ConnectorPins!$I$2:$I$999, 0), "")) -> 23 | E38: SPI3_SCK | F38: UART4_TX | G38: =IFERROR(__xludf.DUMMYFUNCTION("TRIM(REGEXREPLACE(Q38 , ""ADC(\d+_(INN\d+|INP\d+)*)|."" , ""$1 "") )"),"") | I38: =IFERROR(__xludf.DUMMYFUNCTION("TRIM(REGEXREPLACE(R38 , ""SPI(._(MOSI|MISO|SCK))|."" , ""$1 "") )"),"3_SCK") -> 3_SCK | J38: =IFERROR(__xludf.DUMMYFUNCTION("TRIM(REGEXREPLACE(R38 , ""FDCAN(._[\w_]+)|."" , ""$1 "") )"),"") | K38: =IFERROR(__xludf.DUMMYFUNCTION("TRIM(REGEXREPLACE(R38 , ""ETH_([\w_]+)|."" , ""$1 "") )"),"") | L38: =IFERROR(__xludf.DUMMYFUNCTION("TRIM(REGEXREPLACE(R38 , ""TIM(._\w+)|."" , ""$1 "") )"),"") | M38: =IFERROR(__xludf.DUMMYFUNCTION("TRIM(REGEXREPLACE(R38 , ""OTG_([\w_]+)|."" , ""$1 "") )"),"") | N38: =IFERROR(__xludf.DUMMYFUNCTION("TRIM(REGEXREPLACE(R38 , ""US?ART(._(TX|RX))|."" , ""$1 "") )"),"3_TX 4_TX") -> 3_TX 4_TX | O38: =IFERROR(__xludf.DUMMYFUNCTION("TRIM(REGEXREPLACE(Q38 , ""DAC(\d+_OUT\d+)|."" , ""$1 "") )"),"") | P38: =IFERROR(__xludf.DUMMYFUNCTION("TRIM(REGEXREPLACE(REGEXREPLACE(R38, "","", "" ""), ""(EVENTOUT|TRACECLK|TRACED.|SPI._[^ ]*|SAI._[^ ]*|ETH_[^ ]*|QUADSPI_[^ ]*|FMC_[^ ]*|UART._[^ ]*|FDCAN._[^ ]*|DFSDM._[^ ]*|OTG_[^ ]*|TIM\d+_[^ ]*)( |$)"", "" ""))"),"HRTIM_EEV1 USART3_TX SDMMC1_D2 DCMI_D8 LCD_R2") -> HRTIM_EEV1 USART3_TX SDMMC1_D2 DCMI_D8 LCD_R2 | R38: HRTIM_EEV1,DFSDM1_CKIN5,SPI3_SCK/I2S3_CK,USART3_TX,UART4_TX,QUADSPI_BK1_IO1,SDMMC1_D2, DCMI_D8,LCD_R2, EVENTOUT
A39: 79 | B39: PC11 | C39: SPI3_MISO | D39: =IF(COUNTIF(ConnectorPins!$F$2:$F$999, B39) > 0, MATCH(B39, ConnectorPins!$F$2:$F$999, 0), IF(COUNTIF(ConnectorPins!$I$2:$I$999, B39) > 0, MATCH(B39, ConnectorPins!$I$2:$I$999, 0), "")) -> 24 | E39: SPI3_MISO | F39: UART4_RX | G39: =IFERROR(__xludf.DUMMYFUNCTION("TRIM(REGEXREPLACE(Q39 , ""ADC(\d+_(INN\d+|INP\d+)*)|."" , ""$1 "") )"),"") | I39: =IFERROR(__xludf.DUMMYFUNCTION("TRIM(REGEXREPLACE(R39 , ""SPI(._(MOSI|MISO|SCK))|."" , ""$1 "") )"),"3_MISO") -> 3_MISO | J39: =IFERROR(__xludf.DUMMYFUNCTION("TRIM(REGEXREPLACE(R39 , ""FDCAN(._[\w_]+)|."" , ""$1 "") )"),"") | K39: =IFERROR(__xludf.DUMMYFUNCTION("TRIM(REGEXREPLACE(R39 , ""ETH_([\w_]+)|."" , ""$1 "") )"),"") | L39: =IFERROR(__xludf.DUMMYFUNCTION("TRIM(REGEXREPLACE(R39 , ""TIM(._\w+)|."" , ""$1 "") )"),"") | M39: =IFERROR(__xludf.DUMMYFUNCTION("TRIM(REGEXREPLACE(R39 , ""OTG_([\w_]+)|."" , ""$1 "") )"),"") | N39: =IFERROR(__xludf.DUMMYFUNCTION("TRIM(REGEXREPLACE(R39 , ""US?ART(._(TX|RX))|."" , ""$1 "") )"),"3_RX 4_RX") -> 3_RX 4_RX | O39: =IFERROR(__xludf.DUMMYFUNCTION("TRIM(REGEXREPLACE(Q39 , ""DAC(\d+_OUT\d+)|."" , ""$1 "") )"),"") | P39: =IFERROR(__xludf.DUMMYFUNCTION("TRIM(REGEXREPLACE(REGEXREPLACE(R39, "","", "" ""), ""(EVENTOUT|TRACECLK|TRACED.|SPI._[^ ]*|SAI._[^ ]*|ETH_[^ ]*|QUADSPI_[^ ]*|FMC_[^ ]*|UART._[^ ]*|FDCAN._[^ ]*|DFSDM._[^ ]*|OTG_[^ ]*|TIM\d+_[^ ]*)( |$)"", "" ""))"),"HRTIM_FLT2 USART3_RX SDMMC1_D3 DCMI_D4") -> HRTIM_FLT2 USART3_RX SDMMC1_D3 DCMI_D4 | R39: HRTIM_FLT2,DFSDM1_DATIN5,SPI3_MISO/I2S3_SDI,USART3_RX,UART4_RX,QUADSPI_BK2_NCS,SDMMC1_D3, DCMI_D4,EVENTOUT
A40: 80 | B40: PC12 | C40: SPI3_MOSI | D40: =IF(COUNTIF(ConnectorPins!$F$2:$F$999, B40) > 0, MATCH(B40, ConnectorPins!$F$2:$F$999, 0), IF(COUNTIF(ConnectorPins!$I$2:$I$999, B40) > 0, MATCH(B40, ConnectorPins!$I$2:$I$999, 0), "")) -> 25 | E40: SPI3_MOSI | G40: =IFERROR(__xludf.DUMMYFUNCTION("TRIM(REGEXREPLACE(Q40 , ""ADC(\d+_(INN\d+|INP\d+)*)|."" , ""$1 "") )"),"") | I40: =IFERROR(__xludf.DUMMYFUNCTION("TRIM(REGEXREPLACE(R40 , ""SPI(._(MOSI|MISO|SCK))|."" , ""$1 "") )"),"3_MOSI") -> 3_MOSI | J40: =IFERROR(__xludf.DUMMYFUNCTION("TRIM(REGEXREPLACE(R40 , ""FDCAN(._[\w_]+)|."" , ""$1 "") )"),"") | K40: =IFERROR(__xludf.DUMMYFUNCTION("TRIM(REGEXREPLACE(R40 , ""ETH_([\w_]+)|."" , ""$1 "") )"),"") | L40: =IFERROR(__xludf.DUMMYFUNCTION("TRIM(REGEXREPLACE(R40 , ""TIM(._\w+)|."" , ""$1 "") )"),"") | M40: =IFERROR(__xludf.DUMMYFUNCTION("TRIM(REGEXREPLACE(R40 , ""OTG_([\w_]+)|."" , ""$1 "") )"),"") | N40: =IFERROR(__xludf.DUMMYFUNCTION("TRIM(REGEXREPLACE(R40 , ""US?ART(._(TX|RX))|."" , ""$1 "") )"),"5_TX") -> 5_TX | O40: =IFERROR(__xludf.DUMMYFUNCTION("TRIM(REGEXREPLACE(Q40 , ""DAC(\d+_OUT\d+)|."" , ""$1 "") )"),"") | P40: =IFERROR(__xludf.DUMMYFUNCTION("TRIM(REGEXREPLACE(REGEXREPLACE(R40, "","", "" ""), ""(EVENTOUT|TRACECLK|TRACED.|SPI._[^ ]*|SAI._[^ ]*|ETH_[^ ]*|QUADSPI_[^ ]*|FMC_[^ ]*|UART._[^ ]*|FDCAN._[^ ]*|DFSDM._[^ ]*|OTG_[^ ]*|TIM\d+_[^ ]*)( |$)"", "" ""))"),"HRTIM_EEV2 USART3_CK SDMMC1_CK DCMI_D9") -> HRTIM_EEV2 USART3_CK SDMMC1_CK DCMI_D9 | R40: TRACED3,HRTIM_EEV2,SPI3_MOSI/I2S3_SDO,USART3_CK,UART5_TX,SDMMC1_CK, DCMI_D9,EVENTOUT
A41: 7 | B41: PC13 | C41: Output | D41: =IF(COUNTIF(ConnectorPins!$F$2:$F$999, B41) > 0, MATCH(B41, ConnectorPins!$F$2:$F$999, 0), IF(COUNTIF(ConnectorPins!$I$2:$I$999, B41) > 0, MATCH(B41, ConnectorPins!$I$2:$I$999, 0) + 35, "")) | G41: =IFERROR(__xludf.DUMMYFUNCTION("TRIM(REGEXREPLACE(Q41 , ""ADC(\d+_(INN\d+|INP\d+)*)|."" , ""$1 "") )"),"") | H41: CS for Flash | I41: =IFERROR(__xludf.DUMMYFUNCTION("TRIM(REGEXREPLACE(R41 , ""SPI(._(MOSI|MISO|SCK))|."" , ""$1 "") )"),"") | J41: =IFERROR(__xludf.DUMMYFUNCTION("TRIM(REGEXREPLACE(R41 , ""FDCAN(._[\w_]+)|."" , ""$1 "") )"),"") | K41: =IFERROR(__xludf.DUMMYFUNCTION("TRIM(REGEXREPLACE(R41 , ""ETH_([\w_]+)|."" , ""$1 "") )"),"") | L41: =IFERROR(__xludf.DUMMYFUNCTION("TRIM(REGEXREPLACE(R41 , ""TIM(._\w+)|."" , ""$1 "") )"),"") | M41: =IFERROR(__xludf.DUMMYFUNCTION("TRIM(REGEXREPLACE(R41 , ""OTG_([\w_]+)|."" , ""$1 "") )"),"") | N41: =IFERROR(__xludf.DUMMYFUNCTION("TRIM(REGEXREPLACE(R41 , ""US?ART(._(TX|RX))|."" , ""$1 "") )"),"") | O41: =IFERROR(__xludf.DUMMYFUNCTION("TRIM(REGEXREPLACE(Q41 , ""DAC(\d+_OUT\d+)|."" , ""$1 "") )"),"") | P41: =IFERROR(__xludf.DUMMYFUNCTION("TRIM(REGEXREPLACE(REGEXREPLACE(R41, "","", "" ""), ""(EVENTOUT|TRACECLK|TRACED.|SPI._[^ ]*|SAI._[^ ]*|ETH_[^ ]*|QUADSPI_[^ ]*|FMC_[^ ]*|UART._[^ ]*|FDCAN._[^ ]*|DFSDM._[^ ]*|OTG_[^ ]*|TIM\d+_[^ ]*)( |$)"", "" ""))"),"") | Q41: RTC_TAMP1/RTC_TS/WKUP4 | R41: EVENTOUT
A42: 8 | B42: PC14-OSC32_IN | D42: =IF(COUNTIF(ConnectorPins!$F$2:$F$999, B42) > 0, MATCH(B42, ConnectorPins!$F$2:$F$999, 0), IF(COUNTIF(ConnectorPins!$I$2:$I$999, B42) > 0, MATCH(B42, ConnectorPins!$I$2:$I$999, 0) + 35, "")) | G42: =IFERROR(__xludf.DUMMYFUNCTION("TRIM(REGEXREPLACE(Q42 , ""ADC(\d+_(INN\d+|INP\d+)*)|."" , ""$1 "") )"),"") | I42: =IFERROR(__xludf.DUMMYFUNCTION("TRIM(REGEXREPLACE(R42 , ""SPI(._(MOSI|MISO|SCK))|."" , ""$1 "") )"),"") | J42: =IFERROR(__xludf.DUMMYFUNCTION("TRIM(REGEXREPLACE(R42 , ""FDCAN(._[\w_]+)|."" , ""$1 "") )"),"") | K42: =IFERROR(__xludf.DUMMYFUNCTION("TRIM(REGEXREPLACE(R42 , ""ETH_([\w_]+)|."" , ""$1 "") )"),"") | L42: =IFERROR(__xludf.DUMMYFUNCTION("TRIM(REGEXREPLACE(R42 , ""TIM(._\w+)|."" , ""$1 "") )"),"") | M42: =IFERROR(__xludf.DUMMYFUNCTION("TRIM(REGEXREPLACE(R42 , ""OTG_([\w_]+)|."" , ""$1 "") )"),"") | N42: =IFERROR(__xludf.DUMMYFUNCTION("TRIM(REGEXREPLACE(R42 , ""US?ART(._(TX|RX))|."" , ""$1 "") )"),"") | O42: =IFERROR(__xludf.DUMMYFUNCTION("TRIM(REGEXREPLACE(Q42 , ""DAC(\d+_OUT\d+)|."" , ""$1 "") )"),"") | P42: =IFERROR(__xludf.DUMMYFUNCTION("TRIM(REGEXREPLACE(REGEXREPLACE(R42, "","", "" ""), ""(EVENTOUT|TRACECLK|TRACED.|SPI._[^ ]*|SAI._[^ ]*|ETH_[^ ]*|QUADSPI_[^ ]*|FMC_[^ ]*|UART._[^ ]*|FDCAN._[^ ]*|DFSDM._[^ ]*|OTG_[^ ]*|TIM\d+_[^ ]*)( |$)"", "" ""))"),"") | Q42: OSC32_IN | R42: EVENTOUT
A43: 9 | B43: PC15-OSC32_OUT | D43: =IF(COUNTIF(ConnectorPins!$F$2:$F$999, B43) > 0, MATCH(B43, ConnectorPins!$F$2:$F$999, 0), IF(COUNTIF(ConnectorPins!$I$2:$I$999, B43) > 0, MATCH(B43, ConnectorPins!$I$2:$I$999, 0) + 35, "")) | G43: =IFERROR(__xludf.DUMMYFUNCTION("TRIM(REGEXREPLACE(Q43 , ""ADC(\d+_(INN\d+|INP\d+)*)|."" , ""$1 "") )"),"") | I43: =IFERROR(__xludf.DUMMYFUNCTION("TRIM(REGEXREPLACE(R43 , ""SPI(._(MOSI|MISO|SCK))|."" , ""$1 "") )"),"") | J43: =IFERROR(__xludf.DUMMYFUNCTION("TRIM(REGEXREPLACE(R43 , ""FDCAN(._[\w_]+)|."" , ""$1 "") )"),"") | K43: =IFERROR(__xludf.DUMMYFUNCTION("TRIM(REGEXREPLACE(R43 , ""ETH_([\w_]+)|."" , ""$1 "") )"),"") | L43: =IFERROR(__xludf.DUMMYFUNCTION("TRIM(REGEXREPLACE(R43 , ""TIM(._\w+)|."" , ""$1 "") )"),"") | M43: =IFERROR(__xludf.DUMMYFUNCTION("TRIM(REGEXREPLACE(R43 , ""OTG_([\w_]+)|."" , ""$1 "") )"),"") | N43: =IFERROR(__xludf.DUMMYFUNCTION("TRIM(REGEXREPLACE(R43 , ""US?ART(._(TX|RX))|."" , ""$1 "") )"),"") | O43: =IFERROR(__xludf.DUMMYFUNCTION("TRIM(REGEXREPLACE(Q43 , ""DAC(\d+_OUT\d+)|."" , ""$1 "") )"),"") | P43: =IFERROR(__xludf.DUMMYFUNCTION("TRIM(REGEXREPLACE(REGEXREPLACE(R43, "","", "" ""), ""(EVENTOUT|TRACECLK|TRACED.|SPI._[^ ]*|SAI._[^ ]*|ETH_[^ ]*|QUADSPI_[^ ]*|FMC_[^ ]*|UART._[^ ]*|FDCAN._[^ ]*|DFSDM._[^ ]*|OTG_[^ ]*|TIM\d+_[^ ]*)( |$)"", "" ""))"),"") | Q43: OSC32_OUT | R43: EVENTOUT
A44: 17 | B44: PC2_C | D44: =IF(COUNTIF(ConnectorPins!$F$2:$F$999, B44) > 0, MATCH(B44, ConnectorPins!$F$2:$F$999, 0), IF(COUNTIF(ConnectorPins!$I$2:$I$999, B44) > 0, MATCH(B44, ConnectorPins!$I$2:$I$999, 0) + 35, "")) -> 28 | G44: =IFERROR(__xludf.DUMMYFUNCTION("TRIM(REGEXREPLACE(Q44 , ""ADC(\d+_(INN\d+|INP\d+)*)|."" , ""$1 "") )"),"3_INN1 3_INP0") -> 3_INN1 3_INP0 | I44: =IFERROR(__xludf.DUMMYFUNCTION("TRIM(REGEXREPLACE(R44 , ""SPI(._(MOSI|MISO|SCK))|."" , ""$1 "") )"),"2_MISO") -> 2_MISO | J44: =IFERROR(__xludf.DUMMYFUNCTION("TRIM(REGEXREPLACE(R44 , ""FDCAN(._[\w_]+)|."" , ""$1 "") )"),"") | K44: =IFERROR(__xludf.DUMMYFUNCTION("TRIM(REGEXREPLACE(R44 , ""ETH_([\w_]+)|."" , ""$1 "") )"),"MII_TXD2") -> MII_TXD2 | L44: =IFERROR(__xludf.DUMMYFUNCTION("TRIM(REGEXREPLACE(R44 , ""TIM(._\w+)|."" , ""$1 "") )"),"") | M44: =IFERROR(__xludf.DUMMYFUNCTION("TRIM(REGEXREPLACE(R44 , ""OTG_([\w_]+)|."" , ""$1 "") )"),"HS_ULPI_DIR") -> HS_ULPI_DIR | N44: =IFERROR(__xludf.DUMMYFUNCTION("TRIM(REGEXREPLACE(R44 , ""US?ART(._(TX|RX))|."" , ""$1 "") )"),"") | O44: =IFERROR(__xludf.DUMMYFUNCTION("TRIM(REGEXREPLACE(Q44 , ""DAC(\d+_OUT\d+)|."" , ""$1 "") )"),"") | P44: =IFERROR(__xludf.DUMMYFUNCTION("TRIM(REGEXREPLACE(REGEXREPLACE(R44, "","", "" ""), ""(EVENTOUT|TRACECLK|TRACED.|SPI._[^ ]*|SAI._[^ ]*|ETH_[^ ]*|QUADSPI_[^ ]*|FMC_[^ ]*|UART._[^ ]*|FDCAN._[^ ]*|DFSDM._[^ ]*|OTG_[^ ]*|TIM\d+_[^ ]*)( |$)"", "" ""))"),"CDSLEEP") -> CDSLEEP | Q44: ADC3_INN1,ADC3_INP0 | R44: CDSLEEP,DFSDM1_CKIN1,SPI2_MISO/I2S2_SDI,DFSDM1_CKOUT,OTG_HS_ULPI_DIR,ETH_MII_TXD2,FMC_SDNE0,EVENTOUT
A45: 18 | B45: PC3_C | D45: =IF(COUNTIF(ConnectorPins!$F$2:$F$999, B45) > 0, MATCH(B45, ConnectorPins!$F$2:$F$999, 0), IF(COUNTIF(ConnectorPins!$I$2:$I$999, B45) > 0, MATCH(B45, ConnectorPins!$I$2:$I$999, 0) + 35, "")) -> 29 | G45: =IFERROR(__xludf.DUMMYFUNCTION("TRIM(REGEXREPLACE(Q45 , ""ADC(\d+_(INN\d+|INP\d+)*)|."" , ""$1 "") )"),"3_INP1") -> 3_INP1 | I45: =IFERROR(__xludf.DUMMYFUNCTION("TRIM(REGEXREPLACE(R45 , ""SPI(._(MOSI|MISO|SCK))|."" , ""$1 "") )"),"2_MOSI") -> 2_MOSI | J45: =IFERROR(__xludf.DUMMYFUNCTION("TRIM(REGEXREPLACE(R45 , ""FDCAN(._[\w_]+)|."" , ""$1 "") )"),"") | K45: =IFERROR(__xludf.DUMMYFUNCTION("TRIM(REGEXREPLACE(R45 , ""ETH_([\w_]+)|."" , ""$1 "") )"),"MII_TX_CLK") -> MII_TX_CLK | L45: =IFERROR(__xludf.DUMMYFUNCTION("TRIM(REGEXREPLACE(R45 , ""TIM(._\w+)|."" , ""$1 "") )"),"") | M45: =IFERROR(__xludf.DUMMYFUNCTION("TRIM(REGEXREPLACE(R45 , ""OTG_([\w_]+)|."" , ""$1 "") )"),"HS_ULPI_NXT") -> HS_ULPI_NXT | N45: =IFERROR(__xludf.DUMMYFUNCTION("TRIM(REGEXREPLACE(R45 , ""US?ART(._(TX|RX))|."" , ""$1 "") )"),"") | O45: =IFERROR(__xludf.DUMMYFUNCTION("TRIM(REGEXREPLACE(Q45 , ""DAC(\d+_OUT\d+)|."" , ""$1 "") )"),"") | P45: =IFERROR(__xludf.DUMMYFUNCTION("TRIM(REGEXREPLACE(REGEXREPLACE(R45, "","", "" ""), ""(EVENTOUT|TRACECLK|TRACED.|SPI._[^ ]*|SAI._[^ ]*|ETH_[^ ]*|QUADSPI_[^ ]*|FMC_[^ ]*|UART._[^ ]*|FDCAN._[^ ]*|DFSDM._[^ ]*|OTG_[^ ]*|TIM\d+_[^ ]*)( |$)"", "" ""))"),"CSLEEP") -> CSLEEP | Q45: ADC3_INP1 | R45: CSLEEP,DFSDM1_DATIN1,SPI2_MOSI/I2S2_SDO,OTG_HS_ULPI_NXT,ETH_MII_TX_CLK,FMC_SDCKE0,EVENTOUT
A46: 32 | B46: PC4 | D46: =IF(COUNTIF(ConnectorPins!$F$2:$F$999, B46) > 0, MATCH(B46, ConnectorPins!$F$2:$F$999, 0), IF(COUNTIF(ConnectorPins!$I$2:$I$999, B46) > 0, MATCH(B46, ConnectorPins!$I$2:$I$999, 0) + 35, "")) -> 31 | E46: ETH_RMII_RXD0 | G46: =IFERROR(__xludf.DUMMYFUNCTION("TRIM(REGEXREPLACE(Q46 , ""ADC(\d+_(INN\d+|INP\d+)*)|."" , ""$1 "") )"),"12_INP4") -> 12_INP4 | I46: =IFERROR(__xludf.DUMMYFUNCTION("TRIM(REGEXREPLACE(R46 , ""SPI(._(MOSI|MISO|SCK))|."" , ""$1 "") )"),"") | J46: =IFERROR(__xludf.DUMMYFUNCTION("TRIM(REGEXREPLACE(R46 , ""FDCAN(._[\w_]+)|."" , ""$1 "") )"),"") | K46: =IFERROR(__xludf.DUMMYFUNCTION("TRIM(REGEXREPLACE(R46 , ""ETH_([\w_]+)|."" , ""$1 "") )"),"MII_RXD0 RMII_RXD0") -> MII_RXD0 RMII_RXD0 | L46: =IFERROR(__xludf.DUMMYFUNCTION("TRIM(REGEXREPLACE(R46 , ""TIM(._\w+)|."" , ""$1 "") )"),"") | M46: =IFERROR(__xludf.DUMMYFUNCTION("TRIM(REGEXREPLACE(R46 , ""OTG_([\w_]+)|."" , ""$1 "") )"),"") | N46: =IFERROR(__xludf.DUMMYFUNCTION("TRIM(REGEXREPLACE(R46 , ""US?ART(._(TX|RX))|."" , ""$1 "") )"),"") | O46: =IFERROR(__xludf.DUMMYFUNCTION("TRIM(REGEXREPLACE(Q46 , ""DAC(\d+_OUT\d+)|."" , ""$1 "") )"),"") | P46: =IFERROR(__xludf.DUMMYFUNCTION("TRIM(REGEXREPLACE(REGEXREPLACE(R46, "","", "" ""), ""(EVENTOUT|TRACECLK|TRACED.|SPI._[^ ]*|SAI._[^ ]*|ETH_[^ ]*|QUADSPI_[^ ]*|FMC_[^ ]*|UART._[^ ]*|FDCAN._[^ ]*|DFSDM._[^ ]*|OTG_[^ ]*|TIM\d+_[^ ]*)( |$)"", "" ""))"),"I2S1_MCK SPDIFRX1_IN3") -> I2S1_MCK SPDIFRX1_IN3 | Q46: ADC12_INP4,OPAMP1_VOUT,COMP1_INM | R46: DFSDM1_CKIN2,I2S1_MCK,SPDIFRX1_IN3,ETH_MII_RXD0/ETH_RMII_RXD0, FMC_SDNE0,EVENTOUT
A47: 33 | B47: PC5 | D47: =IF(COUNTIF(ConnectorPins!$F$2:$F$999, B47) > 0, MATCH(B47, ConnectorPins!$F$2:$F$999, 0), IF(COUNTIF(ConnectorPins!$I$2:$I$999, B47) > 0, MATCH(B47, ConnectorPins!$I$2:$I$999, 0) + 35, "")) -> 32 | E47: ETH_RMII_RXD1 | G47: =IFERROR(__xludf.DUMMYFUNCTION("TRIM(REGEXREPLACE(Q47 , ""ADC(\d+_(INN\d+|INP\d+)*)|."" , ""$1 "") )"),"12_INN4 12_INP8") -> 12_INN4 12_INP8 | I47: =IFERROR(__xludf.DUMMYFUNCTION("TRIM(REGEXREPLACE(R47 , ""SPI(._(MOSI|MISO|SCK))|."" , ""$1 "") )"),"") | J47: =IFERROR(__xludf.DUMMYFUNCTION("TRIM(REGEXREPLACE(R47 , ""FDCAN(._[\w_]+)|."" , ""$1 "") )"),"") | K47: =IFERROR(__xludf.DUMMYFUNCTION("TRIM(REGEXREPLACE(R47 , ""ETH_([\w_]+)|."" , ""$1 "") )"),"MII_RXD1 RMII_RXD1") -> MII_RXD1 RMII_RXD1 | L47: =IFERROR(__xludf.DUMMYFUNCTION("TRIM(REGEXREPLACE(R47 , ""TIM(._\w+)|."" , ""$1 "") )"),"") | M47: =IFERROR(__xludf.DUMMYFUNCTION("TRIM(REGEXREPLACE(R47 , ""OTG_([\w_]+)|."" , ""$1 "") )"),"") | N47: =IFERROR(__xludf.DUMMYFUNCTION("TRIM(REGEXREPLACE(R47 , ""US?ART(._(TX|RX))|."" , ""$1 "") )"),"") | O47: =IFERROR(__xludf.DUMMYFUNCTION("TRIM(REGEXREPLACE(Q47 , ""DAC(\d+_OUT\d+)|."" , ""$1 "") )"),"") | P47: =IFERROR(__xludf.DUMMYFUNCTION("TRIM(REGEXREPLACE(REGEXREPLACE(R47, "","", "" ""), ""(EVENTOUT|TRACECLK|TRACED.|SPI._[^ ]*|SAI._[^ ]*|ETH_[^ ]*|QUADSPI_[^ ]*|FMC_[^ ]*|UART._[^ ]*|FDCAN._[^ ]*|DFSDM._[^ ]*|OTG_[^ ]*|TIM\d+_[^ ]*)( |$)"", "" ""))"),"SPDIFRX1_IN4 COMP1_OUT") -> SPDIFRX1_IN4 COMP1_OUT | Q47: ADC12_INN4,ADC12_INP8,OPAMP1_VINM | R47: SAI1_D3,DFSDM1_DATIN2,SPDIFRX1_IN4,SAI4_D3,ETH_MII_RXD1/ETH_RMII_RXD1,FMC_SDCKE0,COMP1_OUT,EVENTOUT
A48: 63 | B48: PC6 | D48: =IF(COUNTIF(ConnectorPins!$F$2:$F$999, B48) > 0, MATCH(B48, ConnectorPins!$F$2:$F$999, 0), IF(COUNTIF(ConnectorPins!$I$2:$I$999, B48) > 0, MATCH(B48, ConnectorPins!$I$2:$I$999, 0), "")) -> 19 | E48: UART6_TX | F48: TIM3_CH1 | G48: =IFERROR(__xludf.DUMMYFUNCTION("TRIM(REGEXREPLACE(Q48 , ""ADC(\d+_(INN\d+|INP\d+)*)|."" , ""$1 "") )"),"") | I48: =IFERROR(__xludf.DUMMYFUNCTION("TRIM(REGEXREPLACE(R48 , ""SPI(._(MOSI|MISO|SCK))|."" , ""$1 "") )"),"") | J48: =IFERROR(__xludf.DUMMYFUNCTION("TRIM(REGEXREPLACE(R48 , ""FDCAN(._[\w_]+)|."" , ""$1 "") )"),"") | K48: =IFERROR(__xludf.DUMMYFUNCTION("TRIM(REGEXREPLACE(R48 , ""ETH_([\w_]+)|."" , ""$1 "") )"),"") | L48: =IFERROR(__xludf.DUMMYFUNCTION("TRIM(REGEXREPLACE(R48 , ""TIM(._\w+)|."" , ""$1 "") )"),"3_CH1 8_CH1") -> 3_CH1 8_CH1 | M48: =IFERROR(__xludf.DUMMYFUNCTION("TRIM(REGEXREPLACE(R48 , ""OTG_([\w_]+)|."" , ""$1 "") )"),"") | N48: =IFERROR(__xludf.DUMMYFUNCTION("TRIM(REGEXREPLACE(R48 , ""US?ART(._(TX|RX))|."" , ""$1 "") )"),"6_TX") -> 6_TX | O48: =IFERROR(__xludf.DUMMYFUNCTION("TRIM(REGEXREPLACE(Q48 , ""DAC(\d+_OUT\d+)|."" , ""$1 "") )"),"") | P48: =IFERROR(__xludf.DUMMYFUNCTION("TRIM(REGEXREPLACE(REGEXREPLACE(R48, "","", "" ""), ""(EVENTOUT|TRACECLK|TRACED.|SPI._[^ ]*|SAI._[^ ]*|ETH_[^ ]*|QUADSPI_[^ ]*|FMC_[^ ]*|UART._[^ ]*|FDCAN._[^ ]*|DFSDM._[^ ]*|OTG_[^ ]*|TIM\d+_[^ ]*)( |$)"", "" ""))"),"HRTIM_CHA1 I2S2_MCK USART6_TX SDMMC1_D0DIR SDMMC2_D6 SDMMC1_D6 DCMI_D0 LCD_HSYNC") -> HRTIM_CHA1 I2S2_MCK USART6_TX SDMMC1_D0DIR SDMMC2_D6 SDMMC1_D6 DCMI_D0 LCD_HSYNC | Q48: SWPMI_IO | R48: HRTIM_CHA1,TIM3_CH1, TIM8_CH1,DFSDM1_CKIN3,I2S2_MCK, USART6_TX,SDMMC1_D0DIR,FMC_NWAIT,SDMMC2_D6,SDMMC1_D6, DCMI_D0,LCD_HSYNC,EVENTOUT
A49: 64 | B49: PC7 | D49: =IF(COUNTIF(ConnectorPins!$F$2:$F$999, B49) > 0, MATCH(B49, ConnectorPins!$F$2:$F$999, 0), IF(COUNTIF(ConnectorPins!$I$2:$I$999, B49) > 0, MATCH(B49, ConnectorPins!$I$2:$I$999, 0), "")) -> 20 | E49: UART6_RX | F49: TIM3_CH2 | G49: =IFERROR(__xludf.DUMMYFUNCTION("TRIM(REGEXREPLACE(Q49 , ""ADC(\d+_(INN\d+|INP\d+)*)|."" , ""$1 "") )"),"") | I49: =IFERROR(__xludf.DUMMYFUNCTION("TRIM(REGEXREPLACE(R49 , ""SPI(._(MOSI|MISO|SCK))|."" , ""$1 "") )"),"") | J49: =IFERROR(__xludf.DUMMYFUNCTION("TRIM(REGEXREPLACE(R49 , ""FDCAN(._[\w_]+)|."" , ""$1 "") )"),"") | K49: =IFERROR(__xludf.DUMMYFUNCTION("TRIM(REGEXREPLACE(R49 , ""ETH_([\w_]+)|."" , ""$1 "") )"),"") | L49: =IFERROR(__xludf.DUMMYFUNCTION("TRIM(REGEXREPLACE(R49 , ""TIM(._\w+)|."" , ""$1 "") )"),"3_CH2 8_CH2") -> 3_CH2 8_CH2 | M49: =IFERROR(__xludf.DUMMYFUNCTION("TRIM(REGEXREPLACE(R49 , ""OTG_([\w_]+)|."" , ""$1 "") )"),"") | N49: =IFERROR(__xludf.DUMMYFUNCTION("TRIM(REGEXREPLACE(R49 , ""US?ART(._(TX|RX))|."" , ""$1 "") )"),"6_RX") -> 6_RX | O49: =IFERROR(__xludf.DUMMYFUNCTION("TRIM(REGEXREPLACE(Q49 , ""DAC(\d+_OUT\d+)|."" , ""$1 "") )"),"") | P49: =IFERROR(__xludf.DUMMYFUNCTION("TRIM(REGEXREPLACE(REGEXREPLACE(R49, "","", "" ""), ""(EVENTOUT|TRACECLK|TRACED.|SPI._[^ ]*|SAI._[^ ]*|ETH_[^ ]*|QUADSPI_[^ ]*|FMC_[^ ]*|UART._[^ ]*|FDCAN._[^ ]*|DFSDM._[^ ]*|OTG_[^ ]*|TIM\d+_[^ ]*)( |$)"", "" ""))"),"TRGIO HRTIM_CHA2 I2S3_MCK USART6_RX SDMMC1_D123DIR SDMMC2_D7 SWPMI_TX SDMMC1_D7 DCMI_D1 LCD_G6") -> TRGIO HRTIM_CHA2 I2S3_MCK USART6_RX SDMMC1_D123DIR SDMMC2_D7 SWPMI_TX SDMMC1_D7 DCMI_D1 LCD_G6 | R49: TRGIO, HRTIM_CHA2,TIM3_CH2, TIM8_CH2,DFSDM1_DATIN3,I2S3_MCK,USART6_RX,SDMMC1_D123DIR,FMC_NE1,SDMMC2_D7,SWPMI_TX,SDMMC1_D7, DCMI_D1,LCD_G6, EVENTOUT
A50: 65 | B50: PC8 | D50: =IF(COUNTIF(ConnectorPins!$F$2:$F$999, B50) > 0, MATCH(B50, ConnectorPins!$F$2:$F$999, 0), IF(COUNTIF(ConnectorPins!$I$2:$I$999, B50) > 0, MATCH(B50, ConnectorPins!$I$2:$I$999, 0), "")) -> 21 | F50: TIM3_CH3 | G50: =IFERROR(__xludf.DUMMYFUNCTION("TRIM(REGEXREPLACE(Q50 , ""ADC(\d+_(INN\d+|INP\d+)*)|."" , ""$1 "") )"),"") | I50: =IFERROR(__xludf.DUMMYFUNCTION("TRIM(REGEXREPLACE(R50 , ""SPI(._(MOSI|MISO|SCK))|."" , ""$1 "") )"),"") | J50: =IFERROR(__xludf.DUMMYFUNCTION("TRIM(REGEXREPLACE(R50 , ""FDCAN(._[\w_]+)|."" , ""$1 "") )"),"") | K50: =IFERROR(__xludf.DUMMYFUNCTION("TRIM(REGEXREPLACE(R50 , ""ETH_([\w_]+)|."" , ""$1 "") )"),"") | L50: =IFERROR(__xludf.DUMMYFUNCTION("TRIM(REGEXREPLACE(R50 , ""TIM(._\w+)|."" , ""$1 "") )"),"3_CH3 8_CH3") -> 3_CH3 8_CH3 | M50: =IFERROR(__xludf.DUMMYFUNCTION("TRIM(REGEXREPLACE(R50 , ""OTG_([\w_]+)|."" , ""$1 "") )"),"") | N50: =IFERROR(__xludf.DUMMYFUNCTION("TRIM(REGEXREPLACE(R50 , ""US?ART(._(TX|RX))|."" , ""$1 "") )"),"") | O50: =IFERROR(__xludf.DUMMYFUNCTION("TRIM(REGEXREPLACE(Q50 , ""DAC(\d+_OUT\d+)|."" , ""$1 "") )"),"") | P50: =IFERROR(__xludf.DUMMYFUNCTION("TRIM(REGEXREPLACE(REGEXREPLACE(R50, "","", "" ""), ""(EVENTOUT|TRACECLK|TRACED.|SPI._[^ ]*|SAI._[^ ]*|ETH_[^ ]*|QUADSPI_[^ ]*|FMC_[^ ]*|UART._[^ ]*|FDCAN._[^ ]*|DFSDM._[^ ]*|OTG_[^ ]*|TIM\d+_[^ ]*)( |$)"", "" ""))"),"HRTIM_CHB1 USART6_CK SWPMI_RX SDMMC1_D0 DCMI_D2") -> HRTIM_CHB1 USART6_CK SWPMI_RX SDMMC1_D0 DCMI_D2 | R50: TRACED1,HRTIM_CHB1,TIM3_CH3, TIM8_CH3,USART6_CK,UART5_RTS/UART5_DE, FMC_NE2/FMC_NCE,SWPMI_RX,SDMMC1_D0, DCMI_D2,EVENTOUT
A51: 66 | B51: PC9 | D51: =IF(COUNTIF(ConnectorPins!$F$2:$F$999, B51) > 0, MATCH(B51, ConnectorPins!$F$2:$F$999, 0), IF(COUNTIF(ConnectorPins!$I$2:$I$999, B51) > 0, MATCH(B51, ConnectorPins!$I$2:$I$999, 0), "")) -> 22 | F51: TIM3_CH4 | G51: =IFERROR(__xludf.DUMMYFUNCTION("TRIM(REGEXREPLACE(Q51 , ""ADC(\d+_(INN\d+|INP\d+)*)|."" , ""$1 "") )"),"") | I51: =IFERROR(__xludf.DUMMYFUNCTION("TRIM(REGEXREPLACE(R51 , ""SPI(._(MOSI|MISO|SCK))|."" , ""$1 "") )"),"") | J51: =IFERROR(__xludf.DUMMYFUNCTION("TRIM(REGEXREPLACE(R51 , ""FDCAN(._[\w_]+)|."" , ""$1 "") )"),"") | K51: =IFERROR(__xludf.DUMMYFUNCTION("TRIM(REGEXREPLACE(R51 , ""ETH_([\w_]+)|."" , ""$1 "") )"),"") | L51: =IFERROR(__xludf.DUMMYFUNCTION("TRIM(REGEXREPLACE(R51 , ""TIM(._\w+)|."" , ""$1 "") )"),"3_CH4 8_CH4") -> 3_CH4 8_CH4 | M51: =IFERROR(__xludf.DUMMYFUNCTION("TRIM(REGEXREPLACE(R51 , ""OTG_([\w_]+)|."" , ""$1 "") )"),"") | N51: =IFERROR(__xludf.DUMMYFUNCTION("TRIM(REGEXREPLACE(R51 , ""US?ART(._(TX|RX))|."" , ""$1 "") )"),"") | O51: =IFERROR(__xludf.DUMMYFUNCTION("TRIM(REGEXREPLACE(Q51 , ""DAC(\d+_OUT\d+)|."" , ""$1 "") )"),"") | P51: =IFERROR(__xludf.DUMMYFUNCTION("TRIM(REGEXREPLACE(REGEXREPLACE(R51, "","", "" ""), ""(EVENTOUT|TRACECLK|TRACED.|SPI._[^ ]*|SAI._[^ ]*|ETH_[^ ]*|QUADSPI_[^ ]*|FMC_[^ ]*|UART._[^ ]*|FDCAN._[^ ]*|DFSDM._[^ ]*|OTG_[^ ]*|TIM\d+_[^ ]*)( |$)"", "" ""))"),"MCO2 I2C3_SDA I2S_CKIN LCD_G3 SWPMI_SUSPEND SDMMC1_D1 DCMI_D3 LCD_B2") -> MCO2 I2C3_SDA I2S_CKIN LCD_G3 SWPMI_SUSPEND SDMMC1_D1 DCMI_D3 LCD_B2 | R51: MCO2, TIM3_CH4,TIM8_CH4, I2C3_SDA,I2S_CKIN, UART5_CTS,QUADSPI_BK1_IO0,LCD_G3,SWPMI_SUSPEND,SDMMC1_D1, DCMI_D3,LCD_B2, EVENTOUT
A52: 81 | B52: PD0 | D52: =IF(COUNTIF(ConnectorPins!$F$2:$F$999, B52) > 0, MATCH(B52, ConnectorPins!$F$2:$F$999, 0), IF(COUNTIF(ConnectorPins!$I$2:$I$999, B52) > 0, MATCH(B52, ConnectorPins!$I$2:$I$999, 0), "")) -> 4 | E52: UART4_RX | G52: =IFERROR(__xludf.DUMMYFUNCTION("TRIM(REGEXREPLACE(Q52 , ""ADC(\d+_(INN\d+|INP\d+)*)|."" , ""$1 "") )"),"") | I52: =IFERROR(__xludf.DUMMYFUNCTION("TRIM(REGEXREPLACE(R52 , ""SPI(._(MOSI|MISO|SCK))|."" , ""$1 "") )"),"") | J52: =IFERROR(__xludf.DUMMYFUNCTION("TRIM(REGEXREPLACE(R52 , ""FDCAN(._[\w_]+)|."" , ""$1 "") )"),"1_RX") -> 1_RX | K52: =IFERROR(__xludf.DUMMYFUNCTION("TRIM(REGEXREPLACE(R52 , ""ETH_([\w_]+)|."" , ""$1 "") )"),"") | L52: =IFERROR(__xludf.DUMMYFUNCTION("TRIM(REGEXREPLACE(R52 , ""TIM(._\w+)|."" , ""$1 "") )"),"") | M52: =IFERROR(__xludf.DUMMYFUNCTION("TRIM(REGEXREPLACE(R52 , ""OTG_([\w_]+)|."" , ""$1 "") )"),"") | N52: =IFERROR(__xludf.DUMMYFUNCTION("TRIM(REGEXREPLACE(R52 , ""US?ART(._(TX|RX))|."" , ""$1 "") )"),"4_RX") -> 4_RX | O52: =IFERROR(__xludf.DUMMYFUNCTION("TRIM(REGEXREPLACE(Q52 , ""DAC(\d+_OUT\d+)|."" , ""$1 "") )"),"") | P52: =IFERROR(__xludf.DUMMYFUNCTION("TRIM(REGEXREPLACE(REGEXREPLACE(R52, "","", "" ""), ""(EVENTOUT|TRACECLK|TRACED.|SPI._[^ ]*|SAI._[^ ]*|ETH_[^ ]*|QUADSPI_[^ ]*|FMC_[^ ]*|UART._[^ ]*|FDCAN._[^ ]*|DFSDM._[^ ]*|OTG_[^ ]*|TIM\d+_[^ ]*)( |$)"", "" ""))"),"") | R52: DFSDM1_CKIN6,SAI3_SCK_A,UART4_RX,FDCAN1_RX,FMC_D2/FMC_DA2,EVENTOUT
A53: 82 | B53: PD1 | D53: =IF(COUNTIF(ConnectorPins!$F$2:$F$999, B53) > 0, MATCH(B53, ConnectorPins!$F$2:$F$999, 0), IF(COUNTIF(ConnectorPins!$I$2:$I$999, B53) > 0, MATCH(B53, ConnectorPins!$I$2:$I$999, 0), "")) -> 5 | E53: UART4_TX | G53: =IFERROR(__xludf.DUMMYFUNCTION("TRIM(REGEXREPLACE(Q53 , ""ADC(\d+_(INN\d+|INP\d+)*)|."" , ""$1 "") )"),"") | I53: =IFERROR(__xludf.DUMMYFUNCTION("TRIM(REGEXREPLACE(R53 , ""SPI(._(MOSI|MISO|SCK))|."" , ""$1 "") )"),"") | J53: =IFERROR(__xludf.DUMMYFUNCTION("TRIM(REGEXREPLACE(R53 , ""FDCAN(._[\w_]+)|."" , ""$1 "") )"),"1_TX") -> 1_TX | K53: =IFERROR(__xludf.DUMMYFUNCTION("TRIM(REGEXREPLACE(R53 , ""ETH_([\w_]+)|."" , ""$1 "") )"),"") | L53: =IFERROR(__xludf.DUMMYFUNCTION("TRIM(REGEXREPLACE(R53 , ""TIM(._\w+)|."" , ""$1 "") )"),"") | M53: =IFERROR(__xludf.DUMMYFUNCTION("TRIM(REGEXREPLACE(R53 , ""OTG_([\w_]+)|."" , ""$1 "") )"),"") | N53: =IFERROR(__xludf.DUMMYFUNCTION("TRIM(REGEXREPLACE(R53 , ""US?ART(._(TX|RX))|."" , ""$1 "") )"),"4_TX") -> 4_TX | O53: =IFERROR(__xludf.DUMMYFUNCTION("TRIM(REGEXREPLACE(Q53 , ""DAC(\d+_OUT\d+)|."" , ""$1 "") )"),"") | P53: =IFERROR(__xludf.DUMMYFUNCTION("TRIM(REGEXREPLACE(REGEXREPLACE(R53, "","", "" ""), ""(EVENTOUT|TRACECLK|TRACED.|SPI._[^ ]*|SAI._[^ ]*|ETH_[^ ]*|QUADSPI_[^ ]*|FMC_[^ ]*|UART._[^ ]*|FDCAN._[^ ]*|DFSDM._[^ ]*|OTG_[^ ]*|TIM\d+_[^ ]*)( |$)"", "" ""))"),"") | R53: DFSDM1_DATIN6,SAI3_SD_A, UART4_TX,FDCAN1_TX,FMC_D3/FMC_DA3,EVENTOUT
A54: 57 | B54: PD10 | D54: =IF(COUNTIF(ConnectorPins!$F$2:$F$999, B54) > 0, MATCH(B54, ConnectorPins!$F$2:$F$999, 0), IF(COUNTIF(ConnectorPins!$I$2:$I$999, B54) > 0, MATCH(B54, ConnectorPins!$I$2:$I$999, 0), "")) | G54: =IFERROR(__xludf.DUMMYFUNCTION("TRIM(REGEXREPLACE(Q54 , ""ADC(\d+_(INN\d+|INP\d+)*)|."" , ""$1 "") )"),"") | I54: =IFERROR(__xludf.DUMMYFUNCTION("TRIM(REGEXREPLACE(R54 , ""SPI(._(MOSI|MISO|SCK))|."" , ""$1 "") )"),"") | J54: =IFERROR(__xludf.DUMMYFUNCTION("TRIM(REGEXREPLACE(R54 , ""FDCAN(._[\w_]+)|."" , ""$1 "") )"),"") | K54: =IFERROR(__xludf.DUMMYFUNCTION("TRIM(REGEXREPLACE(R54 , ""ETH_([\w_]+)|."" , ""$1 "") )"),"") | L54: =IFERROR(__xludf.DUMMYFUNCTION("TRIM(REGEXREPLACE(R54 , ""TIM(._\w+)|."" , ""$1 "") )"),"") | M54: =IFERROR(__xludf.DUMMYFUNCTION("TRIM(REGEXREPLACE(R54 , ""OTG_([\w_]+)|."" , ""$1 "") )"),"") | N54: =IFERROR(__xludf.DUMMYFUNCTION("TRIM(REGEXREPLACE(R54 , ""US?ART(._(TX|RX))|."" , ""$1 "") )"),"") | O54: =IFERROR(__xludf.DUMMYFUNCTION("TRIM(REGEXREPLACE(Q54 , ""DAC(\d+_OUT\d+)|."" , ""$1 "") )"),"") | P54: =IFERROR(__xludf.DUMMYFUNCTION("TRIM(REGEXREPLACE(REGEXREPLACE(R54, "","", "" ""), ""(EVENTOUT|TRACECLK|TRACED.|SPI._[^ ]*|SAI._[^ ]*|ETH_[^ ]*|QUADSPI_[^ ]*|FMC_[^ ]*|UART._[^ ]*|FDCAN._[^ ]*|DFSDM._[^ ]*|OTG_[^ ]*|TIM\d+_[^ ]*)( |$)"", "" ""))"),"USART3_CK LCD_B3") -> USART3_CK LCD_B3 | R54: DFSDM1_CKOUT,SAI3_FS_B,USART3_CK,FMC_D15/FMC_DA15,LCD_B3, EVENTOUT
A55: 58 | B55: PD11 | D55: =IF(COUNTIF(ConnectorPins!$F$2:$F$999, B55) > 0, MATCH(B55, ConnectorPins!$F$2:$F$999, 0), IF(COUNTIF(ConnectorPins!$I$2:$I$999, B55) > 0, MATCH(B55, ConnectorPins!$I$2:$I$999, 0), "")) | G55: =IFERROR(__xludf.DUMMYFUNCTION("TRIM(REGEXREPLACE(Q55 , ""ADC(\d+_(INN\d+|INP\d+)*)|."" , ""$1 "") )"),"") | I55: =IFERROR(__xludf.DUMMYFUNCTION("TRIM(REGEXREPLACE(R55 , ""SPI(._(MOSI|MISO|SCK))|."" , ""$1 "") )"),"") | J55: =IFERROR(__xludf.DUMMYFUNCTION("TRIM(REGEXREPLACE(R55 , ""FDCAN(._[\w_]+)|."" , ""$1 "") )"),"") | K55: =IFERROR(__xludf.DUMMYFUNCTION("TRIM(REGEXREPLACE(R55 , ""ETH_([\w_]+)|."" , ""$1 "") )"),"") | L55: =IFERROR(__xludf.DUMMYFUNCTION("TRIM(REGEXREPLACE(R55 , ""TIM(._\w+)|."" , ""$1 "") )"),"2_IN2") -> 2_IN2 | M55: =IFERROR(__xludf.DUMMYFUNCTION("TRIM(REGEXREPLACE(R55 , ""OTG_([\w_]+)|."" , ""$1 "") )"),"") | N55: =IFERROR(__xludf.DUMMYFUNCTION("TRIM(REGEXREPLACE(R55 , ""US?ART(._(TX|RX))|."" , ""$1 "") )"),"") | O55: =IFERROR(__xludf.DUMMYFUNCTION("TRIM(REGEXREPLACE(Q55 , ""DAC(\d+_OUT\d+)|."" , ""$1 "") )"),"") | P55: =IFERROR(__xludf.DUMMYFUNCTION("TRIM(REGEXREPLACE(REGEXREPLACE(R55, "","", "" ""), ""(EVENTOUT|TRACECLK|TRACED.|SPI._[^ ]*|SAI._[^ ]*|ETH_[^ ]*|QUADSPI_[^ ]*|FMC_[^ ]*|UART._[^ ]*|FDCAN._[^ ]*|DFSDM._[^ ]*|OTG_[^ ]*|TIM\d+_[^ ]*)( |$)"", "" ""))"),"LP I2C4_SMBA USART3_CTS/USART3_NSS") -> LP I2C4_SMBA USART3_CTS/USART3_NSS | R55: LPTIM2_IN2,I2C4_SMBA,USART3_CTS/USART3_NSS,QUADSPI_BK1_IO0,SAI2_SD_A, FMC_A16,EVENTOUT
A56: 59 | B56: PD12 | D56: =IF(COUNTIF(ConnectorPins!$F$2:$F$999, B56) > 0, MATCH(B56, ConnectorPins!$F$2:$F$999, 0), IF(COUNTIF(ConnectorPins!$I$2:$I$999, B56) > 0, MATCH(B56, ConnectorPins!$I$2:$I$999, 0), "")) -> 6 | G56: =IFERROR(__xludf.DUMMYFUNCTION("TRIM(REGEXREPLACE(Q56 , ""ADC(\d+_(INN\d+|INP\d+)*)|."" , ""$1 "") )"),"") | I56: =IFERROR(__xludf.DUMMYFUNCTION("TRIM(REGEXREPLACE(R56 , ""SPI(._(MOSI|MISO|SCK))|."" , ""$1 "") )"),"") | J56: =IFERROR(__xludf.DUMMYFUNCTION("TRIM(REGEXREPLACE(R56 , ""FDCAN(._[\w_]+)|."" , ""$1 "") )"),"") | K56: =IFERROR(__xludf.DUMMYFUNCTION("TRIM(REGEXREPLACE(R56 , ""ETH_([\w_]+)|."" , ""$1 "") )"),"") | L56: =IFERROR(__xludf.DUMMYFUNCTION("TRIM(REGEXREPLACE(R56 , ""TIM(._\w+)|."" , ""$1 "") )"),"1_IN1 4_CH1 2_IN1") -> 1_IN1 4_CH1 2_IN1 | M56: =IFERROR(__xludf.DUMMYFUNCTION("TRIM(REGEXREPLACE(R56 , ""OTG_([\w_]+)|."" , ""$1 "") )"),"") | N56: =IFERROR(__xludf.DUMMYFUNCTION("TRIM(REGEXREPLACE(R56 , ""US?ART(._(TX|RX))|."" , ""$1 "") )"),"") | O56: =IFERROR(__xludf.DUMMYFUNCTION("TRIM(REGEXREPLACE(Q56 , ""DAC(\d+_OUT\d+)|."" , ""$1 "") )"),"") | P56: =IFERROR(__xludf.DUMMYFUNCTION("TRIM(REGEXREPLACE(REGEXREPLACE(R56, "","", "" ""), ""(EVENTOUT|TRACECLK|TRACED.|SPI._[^ ]*|SAI._[^ ]*|ETH_[^ ]*|QUADSPI_[^ ]*|FMC_[^ ]*|UART._[^ ]*|FDCAN._[^ ]*|DFSDM._[^ ]*|OTG_[^ ]*|TIM\d+_[^ ]*)( |$)"", "" ""))"),"LP LP I2C4_SCL USART3_RTS/USART3_DE") -> LP LP I2C4_SCL USART3_RTS/USART3_DE | R56: LPTIM1_IN1, TIM4_CH1,LPTIM2_IN1, I2C4_SCL,USART3_RTS/USART3_DE, QUADSPI_BK1_IO1,SAI2_FS_A, FMC_A17,EVENTOUT
A57: 60 | B57: PD13 | D57: =IF(COUNTIF(ConnectorPins!$F$2:$F$999, B57) > 0, MATCH(B57, ConnectorPins!$F$2:$F$999, 0), IF(COUNTIF(ConnectorPins!$I$2:$I$999, B57) > 0, MATCH(B57, ConnectorPins!$I$2:$I$999, 0), "")) -> 7 | G57: =IFERROR(__xludf.DUMMYFUNCTION("TRIM(REGEXREPLACE(Q57 , ""ADC(\d+_(INN\d+|INP\d+)*)|."" , ""$1 "") )"),"") | I57: =IFERROR(__xludf.DUMMYFUNCTION("TRIM(REGEXREPLACE(R57 , ""SPI(._(MOSI|MISO|SCK))|."" , ""$1 "") )"),"") | J57: =IFERROR(__xludf.DUMMYFUNCTION("TRIM(REGEXREPLACE(R57 , ""FDCAN(._[\w_]+)|."" , ""$1 "") )"),"") | K57: =IFERROR(__xludf.DUMMYFUNCTION("TRIM(REGEXREPLACE(R57 , ""ETH_([\w_]+)|."" , ""$1 "") )"),"") | L57: =IFERROR(__xludf.DUMMYFUNCTION("TRIM(REGEXREPLACE(R57 , ""TIM(._\w+)|."" , ""$1 "") )"),"1_OUT 4_CH2") -> 1_OUT 4_CH2 | M57: =IFERROR(__xludf.DUMMYFUNCTION("TRIM(REGEXREPLACE(R57 , ""OTG_([\w_]+)|."" , ""$1 "") )"),"") | N57: =IFERROR(__xludf.DUMMYFUNCTION("TRIM(REGEXREPLACE(R57 , ""US?ART(._(TX|RX))|."" , ""$1 "") )"),"") | O57: =IFERROR(__xludf.DUMMYFUNCTION("TRIM(REGEXREPLACE(Q57 , ""DAC(\d+_OUT\d+)|."" , ""$1 "") )"),"") | P57: =IFERROR(__xludf.DUMMYFUNCTION("TRIM(REGEXREPLACE(REGEXREPLACE(R57, "","", "" ""), ""(EVENTOUT|TRACECLK|TRACED.|SPI._[^ ]*|SAI._[^ ]*|ETH_[^ ]*|QUADSPI_[^ ]*|FMC_[^ ]*|UART._[^ ]*|FDCAN._[^ ]*|DFSDM._[^ ]*|OTG_[^ ]*|TIM\d+_[^ ]*)( |$)"", "" ""))"),"LP I2C4_SDA") -> LP I2C4_SDA | R57: LPTIM1_OUT,TIM4_CH2, I2C4_SDA,QUADSPI_BK1_IO3,SAI2_SCK_A, FMC_A18,EVENTOUT
A58: 61 | B58: PD14 | D58: =IF(COUNTIF(ConnectorPins!$F$2:$F$999, B58) > 0, MATCH(B58, ConnectorPins!$F$2:$F$999, 0), IF(COUNTIF(ConnectorPins!$I$2:$I$999, B58) > 0, MATCH(B58, ConnectorPins!$I$2:$I$999, 0), "")) -> 8 | G58: =IFERROR(__xludf.DUMMYFUNCTION("TRIM(REGEXREPLACE(Q58 , ""ADC(\d+_(INN\d+|INP\d+)*)|."" , ""$1 "") )"),"") | I58: =IFERROR(__xludf.DUMMYFUNCTION("TRIM(REGEXREPLACE(R58 , ""SPI(._(MOSI|MISO|SCK))|."" , ""$1 "") )"),"") | J58: =IFERROR(__xludf.DUMMYFUNCTION("TRIM(REGEXREPLACE(R58 , ""FDCAN(._[\w_]+)|."" , ""$1 "") )"),"") | K58: =IFERROR(__xludf.DUMMYFUNCTION("TRIM(REGEXREPLACE(R58 , ""ETH_([\w_]+)|."" , ""$1 "") )"),"") | L58: =IFERROR(__xludf.DUMMYFUNCTION("TRIM(REGEXREPLACE(R58 , ""TIM(._\w+)|."" , ""$1 "") )"),"4_CH3") -> 4_CH3 | M58: =IFERROR(__xludf.DUMMYFUNCTION("TRIM(REGEXREPLACE(R58 , ""OTG_([\w_]+)|."" , ""$1 "") )"),"") | N58: =IFERROR(__xludf.DUMMYFUNCTION("TRIM(REGEXREPLACE(R58 , ""US?ART(._(TX|RX))|."" , ""$1 "") )"),"") | O58: =IFERROR(__xludf.DUMMYFUNCTION("TRIM(REGEXREPLACE(Q58 , ""DAC(\d+_OUT\d+)|."" , ""$1 "") )"),"") | P58: =IFERROR(__xludf.DUMMYFUNCTION("TRIM(REGEXREPLACE(REGEXREPLACE(R58, "","", "" ""), ""(EVENTOUT|TRACECLK|TRACED.|SPI._[^ ]*|SAI._[^ ]*|ETH_[^ ]*|QUADSPI_[^ ]*|FMC_[^ ]*|UART._[^ ]*|FDCAN._[^ ]*|DFSDM._[^ ]*|OTG_[^ ]*|TIM\d+_[^ ]*)( |$)"", "" ""))"),"") | R58: TIM4_CH3,SAI3_MCLK_B,UART8_CTS,FMC_D0/FMC_DA0,EVENTOUT
A59: 62 | B59: PD15 | D59: =IF(COUNTIF(ConnectorPins!$F$2:$F$999, B59) > 0, MATCH(B59, ConnectorPins!$F$2:$F$999, 0), IF(COUNTIF(ConnectorPins!$I$2:$I$999, B59) > 0, MATCH(B59, ConnectorPins!$I$2:$I$999, 0), "")) -> 9 | G59: =IFERROR(__xludf.DUMMYFUNCTION("TRIM(REGEXREPLACE(Q59 , ""ADC(\d+_(INN\d+|INP\d+)*)|."" , ""$1 "") )"),"") | I59: =IFERROR(__xludf.DUMMYFUNCTION("TRIM(REGEXREPLACE(R59 , ""SPI(._(MOSI|MISO|SCK))|."" , ""$1 "") )"),"") | J59: =IFERROR(__xludf.DUMMYFUNCTION("TRIM(REGEXREPLACE(R59 , ""FDCAN(._[\w_]+)|."" , ""$1 "") )"),"") | K59: =IFERROR(__xludf.DUMMYFUNCTION("TRIM(REGEXREPLACE(R59 , ""ETH_([\w_]+)|."" , ""$1 "") )"),"") | L59: =IFERROR(__xludf.DUMMYFUNCTION("TRIM(REGEXREPLACE(R59 , ""TIM(._\w+)|."" , ""$1 "") )"),"4_CH4") -> 4_CH4 | M59: =IFERROR(__xludf.DUMMYFUNCTION("TRIM(REGEXREPLACE(R59 , ""OTG_([\w_]+)|."" , ""$1 "") )"),"") | N59: =IFERROR(__xludf.DUMMYFUNCTION("TRIM(REGEXREPLACE(R59 , ""US?ART(._(TX|RX))|."" , ""$1 "") )"),"") | O59: =IFERROR(__xludf.DUMMYFUNCTION("TRIM(REGEXREPLACE(Q59 , ""DAC(\d+_OUT\d+)|."" , ""$1 "") )"),"") | P59: =IFERROR(__xludf.DUMMYFUNCTION("TRIM(REGEXREPLACE(REGEXREPLACE(R59, "","", "" ""), ""(EVENTOUT|TRACECLK|TRACED.|SPI._[^ ]*|SAI._[^ ]*|ETH_[^ ]*|QUADSPI_[^ ]*|FMC_[^ ]*|UART._[^ ]*|FDCAN._[^ ]*|DFSDM._[^ ]*|OTG_[^ ]*|TIM\d+_[^ ]*)( |$)"", "" ""))"),"") | R59: TIM4_CH4,SAI3_MCLK_A,UART8_RTS/UART8_DE, FMC_D1/FMC_DA1,EVENTOUT
A60: 83 | B60: PD2 | C60: Output | D60: =IF(COUNTIF(ConnectorPins!$F$2:$F$999, B60) > 0, MATCH(B60, ConnectorPins!$F$2:$F$999, 0), IF(COUNTIF(ConnectorPins!$I$2:$I$999, B60) > 0, MATCH(B60, ConnectorPins!$I$2:$I$999, 0), "")) | G60: =IFERROR(__xludf.DUMMYFUNCTION("TRIM(REGEXREPLACE(Q60 , ""ADC(\d+_(INN\d+|INP\d+)*)|."" , ""$1 "") )"),"") | H60: CS for Mag | I60: =IFERROR(__xludf.DUMMYFUNCTION("TRIM(REGEXREPLACE(R60 , ""SPI(._(MOSI|MISO|SCK))|."" , ""$1 "") )"),"") | J60: =IFERROR(__xludf.DUMMYFUNCTION("TRIM(REGEXREPLACE(R60 , ""FDCAN(._[\w_]+)|."" , ""$1 "") )"),"") | K60: =IFERROR(__xludf.DUMMYFUNCTION("TRIM(REGEXREPLACE(R60 , ""ETH_([\w_]+)|."" , ""$1 "") )"),"") | L60: =IFERROR(__xludf.DUMMYFUNCTION("TRIM(REGEXREPLACE(R60 , ""TIM(._\w+)|."" , ""$1 "") )"),"3_ETR") -> 3_ETR | M60: =IFERROR(__xludf.DUMMYFUNCTION("TRIM(REGEXREPLACE(R60 , ""OTG_([\w_]+)|."" , ""$1 "") )"),"") | N60: =IFERROR(__xludf.DUMMYFUNCTION("TRIM(REGEXREPLACE(R60 , ""US?ART(._(TX|RX))|."" , ""$1 "") )"),"5_RX") -> 5_RX | O60: =IFERROR(__xludf.DUMMYFUNCTION("TRIM(REGEXREPLACE(Q60 , ""DAC(\d+_OUT\d+)|."" , ""$1 "") )"),"") | P60: =IFERROR(__xludf.DUMMYFUNCTION("TRIM(REGEXREPLACE(REGEXREPLACE(R60, "","", "" ""), ""(EVENTOUT|TRACECLK|TRACED.|SPI._[^ ]*|SAI._[^ ]*|ETH_[^ ]*|QUADSPI_[^ ]*|FMC_[^ ]*|UART._[^ ]*|FDCAN._[^ ]*|DFSDM._[^ ]*|OTG_[^ ]*|TIM\d+_[^ ]*)( |$)"", "" ""))"),"SDMMC1_CMD DCMI_D11") -> SDMMC1_CMD DCMI_D11 | R60: TRACED2, TIM3_ETR,UART5_RX,SDMMC1_CMD,DCMI_D11, EVENTOUT
A61: 84 | B61: PD3 | C61: SPI2_SCK | D61: =IF(COUNTIF(ConnectorPins!$F$2:$F$999, B61) > 0, MATCH(B61, ConnectorPins!$F$2:$F$999, 0), IF(COUNTIF(ConnectorPins!$I$2:$I$999, B61) > 0, MATCH(B61, ConnectorPins!$I$2:$I$999, 0), "")) | G61: =IFERROR(__xludf.DUMMYFUNCTION("TRIM(REGEXREPLACE(Q61 , ""ADC(\d+_(INN\d+|INP\d+)*)|."" , ""$1 "") )"),"") | I61: =IFERROR(__xludf.DUMMYFUNCTION("TRIM(REGEXREPLACE(R61 , ""SPI(._(MOSI|MISO|SCK))|."" , ""$1 "") )"),"2_SCK") -> 2_SCK | J61: =IFERROR(__xludf.DUMMYFUNCTION("TRIM(REGEXREPLACE(R61 , ""FDCAN(._[\w_]+)|."" , ""$1 "") )"),"") | K61: =IFERROR(__xludf.DUMMYFUNCTION("TRIM(REGEXREPLACE(R61 , ""ETH_([\w_]+)|."" , ""$1 "") )"),"") | L61: =IFERROR(__xludf.DUMMYFUNCTION("TRIM(REGEXREPLACE(R61 , ""TIM(._\w+)|."" , ""$1 "") )"),"") | M61: =IFERROR(__xludf.DUMMYFUNCTION("TRIM(REGEXREPLACE(R61 , ""OTG_([\w_]+)|."" , ""$1 "") )"),"") | N61: =IFERROR(__xludf.DUMMYFUNCTION("TRIM(REGEXREPLACE(R61 , ""US?ART(._(TX|RX))|."" , ""$1 "") )"),"") | O61: =IFERROR(__xludf.DUMMYFUNCTION("TRIM(REGEXREPLACE(Q61 , ""DAC(\d+_OUT\d+)|."" , ""$1 "") )"),"") | P61: =IFERROR(__xludf.DUMMYFUNCTION("TRIM(REGEXREPLACE(REGEXREPLACE(R61, "","", "" ""), ""(EVENTOUT|TRACECLK|TRACED.|SPI._[^ ]*|SAI._[^ ]*|ETH_[^ ]*|QUADSPI_[^ ]*|FMC_[^ ]*|UART._[^ ]*|FDCAN._[^ ]*|DFSDM._[^ ]*|OTG_[^ ]*|TIM\d+_[^ ]*)( |$)"", "" ""))"),"USART2_CTS/USART2_NSS DCMI_D5 LCD_G7") -> USART2_CTS/USART2_NSS DCMI_D5 LCD_G7 | R61: DFSDM1_CKOUT,SPI2_SCK/I2S2_CK,USART2_CTS/USART2_NSS, FMC_CLK,DCMI_D5, LCD_G7,EVENTOUT
A62: 85 | B62: PD4 | C62: Output | D62: =IF(COUNTIF(ConnectorPins!$F$2:$F$999, B62) > 0, MATCH(B62, ConnectorPins!$F$2:$F$999, 0), IF(COUNTIF(ConnectorPins!$I$2:$I$999, B62) > 0, MATCH(B62, ConnectorPins!$I$2:$I$999, 0), "")) | G62: =IFERROR(__xludf.DUMMYFUNCTION("TRIM(REGEXREPLACE(Q62 , ""ADC(\d+_(INN\d+|INP\d+)*)|."" , ""$1 "") )"),"") | H62: CS for IMU1 | I62: =IFERROR(__xludf.DUMMYFUNCTION("TRIM(REGEXREPLACE(R62 , ""SPI(._(MOSI|MISO|SCK))|."" , ""$1 "") )"),"") | J62: =IFERROR(__xludf.DUMMYFUNCTION("TRIM(REGEXREPLACE(R62 , ""FDCAN(._[\w_]+)|."" , ""$1 "") )"),"") | K62: =IFERROR(__xludf.DUMMYFUNCTION("TRIM(REGEXREPLACE(R62 , ""ETH_([\w_]+)|."" , ""$1 "") )"),"") | L62: =IFERROR(__xludf.DUMMYFUNCTION("TRIM(REGEXREPLACE(R62 , ""TIM(._\w+)|."" , ""$1 "") )"),"") | M62: =IFERROR(__xludf.DUMMYFUNCTION("TRIM(REGEXREPLACE(R62 , ""OTG_([\w_]+)|."" , ""$1 "") )"),"") | N62: =IFERROR(__xludf.DUMMYFUNCTION("TRIM(REGEXREPLACE(R62 , ""US?ART(._(TX|RX))|."" , ""$1 "") )"),"") | O62: =IFERROR(__xludf.DUMMYFUNCTION("TRIM(REGEXREPLACE(Q62 , ""DAC(\d+_OUT\d+)|."" , ""$1 "") )"),"") | P62: =IFERROR(__xludf.DUMMYFUNCTION("TRIM(REGEXREPLACE(REGEXREPLACE(R62, "","", "" ""), ""(EVENTOUT|TRACECLK|TRACED.|SPI._[^ ]*|SAI._[^ ]*|ETH_[^ ]*|QUADSPI_[^ ]*|FMC_[^ ]*|UART._[^ ]*|FDCAN._[^ ]*|DFSDM._[^ ]*|OTG_[^ ]*|TIM\d+_[^ ]*)( |$)"", "" ""))"),"HRTIM_FLT3 USART2_RTS/USART2_DE") -> HRTIM_FLT3 USART2_RTS/USART2_DE | R62: HRTIM_FLT3,SAI3_FS_A,USART2_RTS/USART2_DE, FMC_NOE,EVENTOUT
A63: 86 | B63: PD5 | C63: Output | D63: =IF(COUNTIF(ConnectorPins!$F$2:$F$999, B63) > 0, MATCH(B63, ConnectorPins!$F$2:$F$999, 0), IF(COUNTIF(ConnectorPins!$I$2:$I$999, B63) > 0, MATCH(B63, ConnectorPins!$I$2:$I$999, 0), "")) | G63: =IFERROR(__xludf.DUMMYFUNCTION("TRIM(REGEXREPLACE(Q63 , ""ADC(\d+_(INN\d+|INP\d+)*)|."" , ""$1 "") )"),"") | H63: CS for IMU2 | I63: =IFERROR(__xludf.DUMMYFUNCTION("TRIM(REGEXREPLACE(R63 , ""SPI(._(MOSI|MISO|SCK))|."" , ""$1 "") )"),"") | J63: =IFERROR(__xludf.DUMMYFUNCTION("TRIM(REGEXREPLACE(R63 , ""FDCAN(._[\w_]+)|."" , ""$1 "") )"),"") | K63: =IFERROR(__xludf.DUMMYFUNCTION("TRIM(REGEXREPLACE(R63 , ""ETH_([\w_]+)|."" , ""$1 "") )"),"") | L63: =IFERROR(__xludf.DUMMYFUNCTION("TRIM(REGEXREPLACE(R63 , ""TIM(._\w+)|."" , ""$1 "") )"),"") | M63: =IFERROR(__xludf.DUMMYFUNCTION("TRIM(REGEXREPLACE(R63 , ""OTG_([\w_]+)|."" , ""$1 "") )"),"") | N63: =IFERROR(__xludf.DUMMYFUNCTION("TRIM(REGEXREPLACE(R63 , ""US?ART(._(TX|RX))|."" , ""$1 "") )"),"2_TX") -> 2_TX | O63: =IFERROR(__xludf.DUMMYFUNCTION("TRIM(REGEXREPLACE(Q63 , ""DAC(\d+_OUT\d+)|."" , ""$1 "") )"),"") | P63: =IFERROR(__xludf.DUMMYFUNCTION("TRIM(REGEXREPLACE(REGEXREPLACE(R63, "","", "" ""), ""(EVENTOUT|TRACECLK|TRACED.|SPI._[^ ]*|SAI._[^ ]*|ETH_[^ ]*|QUADSPI_[^ ]*|FMC_[^ ]*|UART._[^ ]*|FDCAN._[^ ]*|DFSDM._[^ ]*|OTG_[^ ]*|TIM\d+_[^ ]*)( |$)"", "" ""))"),"HRTIM_EEV3 USART2_TX") -> HRTIM_EEV3 USART2_TX | R63: HRTIM_EEV3,USART2_TX,FMC_NWE, EVENTOUT
A64: 87 | B64: PD6 | C64: Output | D64: =IF(COUNTIF(ConnectorPins!$F$2:$F$999, B64) > 0, MATCH(B64, ConnectorPins!$F$2:$F$999, 0), IF(COUNTIF(ConnectorPins!$I$2:$I$999, B64) > 0, MATCH(B64, ConnectorPins!$I$2:$I$999, 0), "")) | G64: =IFERROR(__xludf.DUMMYFUNCTION("TRIM(REGEXREPLACE(Q64 , ""ADC(\d+_(INN\d+|INP\d+)*)|."" , ""$1 "") )"),"") | H64: CS for IMU3 | I64: =IFERROR(__xludf.DUMMYFUNCTION("TRIM(REGEXREPLACE(R64 , ""SPI(._(MOSI|MISO|SCK))|."" , ""$1 "") )"),"3_MOSI") -> 3_MOSI | J64: =IFERROR(__xludf.DUMMYFUNCTION("TRIM(REGEXREPLACE(R64 , ""FDCAN(._[\w_]+)|."" , ""$1 "") )"),"") | K64: =IFERROR(__xludf.DUMMYFUNCTION("TRIM(REGEXREPLACE(R64 , ""ETH_([\w_]+)|."" , ""$1 "") )"),"") | L64: =IFERROR(__xludf.DUMMYFUNCTION("TRIM(REGEXREPLACE(R64 , ""TIM(._\w+)|."" , ""$1 "") )"),"") | M64: =IFERROR(__xludf.DUMMYFUNCTION("TRIM(REGEXREPLACE(R64 , ""OTG_([\w_]+)|."" , ""$1 "") )"),"") | N64: =IFERROR(__xludf.DUMMYFUNCTION("TRIM(REGEXREPLACE(R64 , ""US?ART(._(TX|RX))|."" , ""$1 "") )"),"2_RX") -> 2_RX | O64: =IFERROR(__xludf.DUMMYFUNCTION("TRIM(REGEXREPLACE(Q64 , ""DAC(\d+_OUT\d+)|."" , ""$1 "") )"),"") | P64: =IFERROR(__xludf.DUMMYFUNCTION("TRIM(REGEXREPLACE(REGEXREPLACE(R64, "","", "" ""), ""(EVENTOUT|TRACECLK|TRACED.|SPI._[^ ]*|SAI._[^ ]*|ETH_[^ ]*|QUADSPI_[^ ]*|FMC_[^ ]*|UART._[^ ]*|FDCAN._[^ ]*|DFSDM._[^ ]*|OTG_[^ ]*|TIM\d+_[^ ]*)( |$)"", "" ""))"),"USART2_RX SDMMC2_CK DCMI_D10 LCD_B2") -> USART2_RX SDMMC2_CK DCMI_D10 LCD_B2 | R64: SAI1_D1,DFSDM1_CKIN4,DFSDM1_DATIN1,SPI3_MOSI/I2S3_SDO,SAI1_SD_A,USART2_RX,SAI4_SD_A, SAI4_D1,SDMMC2_CK,FMC_NWAIT,DCMI_D10, LCD_B2,EVENTOUT
A65: 88 | B65: PD7 | C65: SPI1_MOSI | D65: =IF(COUNTIF(ConnectorPins!$F$2:$F$999, B65) > 0, MATCH(B65, ConnectorPins!$F$2:$F$999, 0), IF(COUNTIF(ConnectorPins!$I$2:$I$999, B65) > 0, MATCH(B65, ConnectorPins!$I$2:$I$999, 0), "")) | G65: =IFERROR(__xludf.DUMMYFUNCTION("TRIM(REGEXREPLACE(Q65 , ""ADC(\d+_(INN\d+|INP\d+)*)|."" , ""$1 "") )"),"") | I65: =IFERROR(__xludf.DUMMYFUNCTION("TRIM(REGEXREPLACE(R65 , ""SPI(._(MOSI|MISO|SCK))|."" , ""$1 "") )"),"1_MOSI") -> 1_MOSI | J65: =IFERROR(__xludf.DUMMYFUNCTION("TRIM(REGEXREPLACE(R65 , ""FDCAN(._[\w_]+)|."" , ""$1 "") )"),"") | K65: =IFERROR(__xludf.DUMMYFUNCTION("TRIM(REGEXREPLACE(R65 , ""ETH_([\w_]+)|."" , ""$1 "") )"),"") | L65: =IFERROR(__xludf.DUMMYFUNCTION("TRIM(REGEXREPLACE(R65 , ""TIM(._\w+)|."" , ""$1 "") )"),"") | M65: =IFERROR(__xludf.DUMMYFUNCTION("TRIM(REGEXREPLACE(R65 , ""OTG_([\w_]+)|."" , ""$1 "") )"),"") | N65: =IFERROR(__xludf.DUMMYFUNCTION("TRIM(REGEXREPLACE(R65 , ""US?ART(._(TX|RX))|."" , ""$1 "") )"),"") | O65: =IFERROR(__xludf.DUMMYFUNCTION("TRIM(REGEXREPLACE(Q65 , ""DAC(\d+_OUT\d+)|."" , ""$1 "") )"),"") | P65: =IFERROR(__xludf.DUMMYFUNCTION("TRIM(REGEXREPLACE(REGEXREPLACE(R65, "","", "" ""), ""(EVENTOUT|TRACECLK|TRACED.|SPI._[^ ]*|SAI._[^ ]*|ETH_[^ ]*|QUADSPI_[^ ]*|FMC_[^ ]*|UART._[^ ]*|FDCAN._[^ ]*|DFSDM._[^ ]*|OTG_[^ ]*|TIM\d+_[^ ]*)( |$)"", "" ""))"),"USART2_CK SPDIFRX1_IN1 SDMMC2_CMD") -> USART2_CK SPDIFRX1_IN1 SDMMC2_CMD | R65: DFSDM1_DATIN4,SPI1_MOSI/I2S1_SDO,DFSDM1_CKIN1,USART2_CK,SPDIFRX1_IN1,SDMMC2_CMD,FMC_NE1, EVENTOUT
A66: 55 | B66: PD8 | C66: Output | D66: =IF(COUNTIF(ConnectorPins!$F$2:$F$999, B66) > 0, MATCH(B66, ConnectorPins!$F$2:$F$999, 0), IF(COUNTIF(ConnectorPins!$I$2:$I$999, B66) > 0, MATCH(B66, ConnectorPins!$I$2:$I$999, 0), "")) | G66: =IFERROR(__xludf.DUMMYFUNCTION("TRIM(REGEXREPLACE(Q66 , ""ADC(\d+_(INN\d+|INP\d+)*)|."" , ""$1 "") )"),"") | H66: CS for Acc. | I66: =IFERROR(__xludf.DUMMYFUNCTION("TRIM(REGEXREPLACE(R66 , ""SPI(._(MOSI|MISO|SCK))|."" , ""$1 "") )"),"") | J66: =IFERROR(__xludf.DUMMYFUNCTION("TRIM(REGEXREPLACE(R66 , ""FDCAN(._[\w_]+)|."" , ""$1 "") )"),"") | K66: =IFERROR(__xludf.DUMMYFUNCTION("TRIM(REGEXREPLACE(R66 , ""ETH_([\w_]+)|."" , ""$1 "") )"),"") | L66: =IFERROR(__xludf.DUMMYFUNCTION("TRIM(REGEXREPLACE(R66 , ""TIM(._\w+)|."" , ""$1 "") )"),"") | M66: =IFERROR(__xludf.DUMMYFUNCTION("TRIM(REGEXREPLACE(R66 , ""OTG_([\w_]+)|."" , ""$1 "") )"),"") | N66: =IFERROR(__xludf.DUMMYFUNCTION("TRIM(REGEXREPLACE(R66 , ""US?ART(._(TX|RX))|."" , ""$1 "") )"),"3_TX") -> 3_TX | O66: =IFERROR(__xludf.DUMMYFUNCTION("TRIM(REGEXREPLACE(Q66 , ""DAC(\d+_OUT\d+)|."" , ""$1 "") )"),"") | P66: =IFERROR(__xludf.DUMMYFUNCTION("TRIM(REGEXREPLACE(REGEXREPLACE(R66, "","", "" ""), ""(EVENTOUT|TRACECLK|TRACED.|SPI._[^ ]*|SAI._[^ ]*|ETH_[^ ]*|QUADSPI_[^ ]*|FMC_[^ ]*|UART._[^ ]*|FDCAN._[^ ]*|DFSDM._[^ ]*|OTG_[^ ]*|TIM\d+_[^ ]*)( |$)"", "" ""))"),"USART3_TX SPDIFRX1_IN2") -> USART3_TX SPDIFRX1_IN2 | R66: DFSDM1_CKIN3,SAI3_SCK_B,USART3_TX,SPDIFRX1_IN2,FMC_D13/FMC_DA13,EVENTOUT
A67: 56 | B67: PD9 | C67: Output | D67: =IF(COUNTIF(ConnectorPins!$F$2:$F$999, B67) > 0, MATCH(B67, ConnectorPins!$F$2:$F$999, 0), IF(COUNTIF(ConnectorPins!$I$2:$I$999, B67) > 0, MATCH(B67, ConnectorPins!$I$2:$I$999, 0), "")) | G67: =IFERROR(__xludf.DUMMYFUNCTION("TRIM(REGEXREPLACE(Q67 , ""ADC(\d+_(INN\d+|INP\d+)*)|."" , ""$1 "") )"),"") | H67: CS for Baro1 | I67: =IFERROR(__xludf.DUMMYFUNCTION("TRIM(REGEXREPLACE(R67 , ""SPI(._(MOSI|MISO|SCK))|."" , ""$1 "") )"),"") | J67: =IFERROR(__xludf.DUMMYFUNCTION("TRIM(REGEXREPLACE(R67 , ""FDCAN(._[\w_]+)|."" , ""$1 "") )"),"") | K67: =IFERROR(__xludf.DUMMYFUNCTION("TRIM(REGEXREPLACE(R67 , ""ETH_([\w_]+)|."" , ""$1 "") )"),"") | L67: =IFERROR(__xludf.DUMMYFUNCTION("TRIM(REGEXREPLACE(R67 , ""TIM(._\w+)|."" , ""$1 "") )"),"") | M67: =IFERROR(__xludf.DUMMYFUNCTION("TRIM(REGEXREPLACE(R67 , ""OTG_([\w_]+)|."" , ""$1 "") )"),"") | N67: =IFERROR(__xludf.DUMMYFUNCTION("TRIM(REGEXREPLACE(R67 , ""US?ART(._(TX|RX))|."" , ""$1 "") )"),"3_RX") -> 3_RX | O67: =IFERROR(__xludf.DUMMYFUNCTION("TRIM(REGEXREPLACE(Q67 , ""DAC(\d+_OUT\d+)|."" , ""$1 "") )"),"") | P67: =IFERROR(__xludf.DUMMYFUNCTION("TRIM(REGEXREPLACE(REGEXREPLACE(R67, "","", "" ""), ""(EVENTOUT|TRACECLK|TRACED.|SPI._[^ ]*|SAI._[^ ]*|ETH_[^ ]*|QUADSPI_[^ ]*|FMC_[^ ]*|UART._[^ ]*|FDCAN._[^ ]*|DFSDM._[^ ]*|OTG_[^ ]*|TIM\d+_[^ ]*)( |$)"", "" ""))"),"USART3_RX") -> USART3_RX | R67: DFSDM1_DATIN3,SAI3_SD_B,USART3_RX,FMC_D14/FMC_DA14,EVENTOUT
A68: 97 | B68: PE0 | D68: =IF(COUNTIF(ConnectorPins!$F$2:$F$999, B68) > 0, MATCH(B68, ConnectorPins!$F$2:$F$999, 0), IF(COUNTIF(ConnectorPins!$I$2:$I$999, B68) > 0, MATCH(B68, ConnectorPins!$I$2:$I$999, 0), "")) -> 4 | E68: UART8_RX | G68: =IFERROR(__xludf.DUMMYFUNCTION("TRIM(REGEXREPLACE(Q68 , ""ADC(\d+_(INN\d+|INP\d+)*)|."" , ""$1 "") )"),"") | I68: =IFERROR(__xludf.DUMMYFUNCTION("TRIM(REGEXREPLACE(R68 , ""SPI(._(MOSI|MISO|SCK))|."" , ""$1 "") )"),"") | J68: =IFERROR(__xludf.DUMMYFUNCTION("TRIM(REGEXREPLACE(R68 , ""FDCAN(._[\w_]+)|."" , ""$1 "") )"),"") | K68: =IFERROR(__xludf.DUMMYFUNCTION("TRIM(REGEXREPLACE(R68 , ""ETH_([\w_]+)|."" , ""$1 "") )"),"") | L68: =IFERROR(__xludf.DUMMYFUNCTION("TRIM(REGEXREPLACE(R68 , ""TIM(._\w+)|."" , ""$1 "") )"),"1_ETR 4_ETR 2_ETR") -> 1_ETR 4_ETR 2_ETR | M68: =IFERROR(__xludf.DUMMYFUNCTION("TRIM(REGEXREPLACE(R68 , ""OTG_([\w_]+)|."" , ""$1 "") )"),"") | N68: =IFERROR(__xludf.DUMMYFUNCTION("TRIM(REGEXREPLACE(R68 , ""US?ART(._(TX|RX))|."" , ""$1 "") )"),"8_RX") -> 8_RX | O68: =IFERROR(__xludf.DUMMYFUNCTION("TRIM(REGEXREPLACE(Q68 , ""DAC(\d+_OUT\d+)|."" , ""$1 "") )"),"") | P68: =IFERROR(__xludf.DUMMYFUNCTION("TRIM(REGEXREPLACE(REGEXREPLACE(R68, "","", "" ""), ""(EVENTOUT|TRACECLK|TRACED.|SPI._[^ ]*|SAI._[^ ]*|ETH_[^ ]*|QUADSPI_[^ ]*|FMC_[^ ]*|UART._[^ ]*|FDCAN._[^ ]*|DFSDM._[^ ]*|OTG_[^ ]*|TIM\d+_[^ ]*)( |$)"", "" ""))"),"LP HRTIM_SCIN LP DCMI_D2") -> LP HRTIM_SCIN LP DCMI_D2 | R68: LPTIM1_ETR,TIM4_ETR,HRTIM_SCIN,LPTIM2_ETR,UART8_RX,SAI2_MCLK_A,FMC_NBL0, DCMI_D2,EVENTOUT
A69: 98 | B69: PE1 | D69: =IF(COUNTIF(ConnectorPins!$F$2:$F$999, B69) > 0, MATCH(B69, ConnectorPins!$F$2:$F$999, 0), IF(COUNTIF(ConnectorPins!$I$2:$I$999, B69) > 0, MATCH(B69, ConnectorPins!$I$2:$I$999, 0), "")) -> 5 | E69: UART8_TX | G69: =IFERROR(__xludf.DUMMYFUNCTION("TRIM(REGEXREPLACE(Q69 , ""ADC(\d+_(INN\d+|INP\d+)*)|."" , ""$1 "") )"),"") | I69: =IFERROR(__xludf.DUMMYFUNCTION("TRIM(REGEXREPLACE(R69 , ""SPI(._(MOSI|MISO|SCK))|."" , ""$1 "") )"),"") | J69: =IFERROR(__xludf.DUMMYFUNCTION("TRIM(REGEXREPLACE(R69 , ""FDCAN(._[\w_]+)|."" , ""$1 "") )"),"") | K69: =IFERROR(__xludf.DUMMYFUNCTION("TRIM(REGEXREPLACE(R69 , ""ETH_([\w_]+)|."" , ""$1 "") )"),"") | L69: =IFERROR(__xludf.DUMMYFUNCTION("TRIM(REGEXREPLACE(R69 , ""TIM(._\w+)|."" , ""$1 "") )"),"1_IN2") -> 1_IN2 | M69: =IFERROR(__xludf.DUMMYFUNCTION("TRIM(REGEXREPLACE(R69 , ""OTG_([\w_]+)|."" , ""$1 "") )"),"") | N69: =IFERROR(__xludf.DUMMYFUNCTION("TRIM(REGEXREPLACE(R69 , ""US?ART(._(TX|RX))|."" , ""$1 "") )"),"8_TX") -> 8_TX | O69: =IFERROR(__xludf.DUMMYFUNCTION("TRIM(REGEXREPLACE(Q69 , ""DAC(\d+_OUT\d+)|."" , ""$1 "") )"),"") | P69: =IFERROR(__xludf.DUMMYFUNCTION("TRIM(REGEXREPLACE(REGEXREPLACE(R69, "","", "" ""), ""(EVENTOUT|TRACECLK|TRACED.|SPI._[^ ]*|SAI._[^ ]*|ETH_[^ ]*|QUADSPI_[^ ]*|FMC_[^ ]*|UART._[^ ]*|FDCAN._[^ ]*|DFSDM._[^ ]*|OTG_[^ ]*|TIM\d+_[^ ]*)( |$)"", "" ""))"),"LP HRTIM_SCOUT DCMI_D3") -> LP HRTIM_SCOUT DCMI_D3 | R69: LPTIM1_IN2,HRTIM_SCOUT,UART8_TX, FMC_NBL1,DCMI_D3, EVENTOUT
A70: 40 | B70: PE10 | D70: =IF(COUNTIF(ConnectorPins!$F$2:$F$999, B70) > 0, MATCH(B70, ConnectorPins!$F$2:$F$999, 0), IF(COUNTIF(ConnectorPins!$I$2:$I$999, B70) > 0, MATCH(B70, ConnectorPins!$I$2:$I$999, 0) + 35, "")) -> 13 | E70: TIM1_CH2N | G70: =IFERROR(__xludf.DUMMYFUNCTION("TRIM(REGEXREPLACE(Q70 , ""ADC(\d+_(INN\d+|INP\d+)*)|."" , ""$1 "") )"),"") | I70: =IFERROR(__xludf.DUMMYFUNCTION("TRIM(REGEXREPLACE(R70 , ""SPI(._(MOSI|MISO|SCK))|."" , ""$1 "") )"),"") | J70: =IFERROR(__xludf.DUMMYFUNCTION("TRIM(REGEXREPLACE(R70 , ""FDCAN(._[\w_]+)|."" , ""$1 "") )"),"") | K70: =IFERROR(__xludf.DUMMYFUNCTION("TRIM(REGEXREPLACE(R70 , ""ETH_([\w_]+)|."" , ""$1 "") )"),"") | L70: =IFERROR(__xludf.DUMMYFUNCTION("TRIM(REGEXREPLACE(R70 , ""TIM(._\w+)|."" , ""$1 "") )"),"1_CH2N") -> 1_CH2N | M70: =IFERROR(__xludf.DUMMYFUNCTION("TRIM(REGEXREPLACE(R70 , ""OTG_([\w_]+)|."" , ""$1 "") )"),"") | N70: =IFERROR(__xludf.DUMMYFUNCTION("TRIM(REGEXREPLACE(R70 , ""US?ART(._(TX|RX))|."" , ""$1 "") )"),"") | O70: =IFERROR(__xludf.DUMMYFUNCTION("TRIM(REGEXREPLACE(Q70 , ""DAC(\d+_OUT\d+)|."" , ""$1 "") )"),"") | P70: =IFERROR(__xludf.DUMMYFUNCTION("TRIM(REGEXREPLACE(REGEXREPLACE(R70, "","", "" ""), ""(EVENTOUT|TRACECLK|TRACED.|SPI._[^ ]*|SAI._[^ ]*|ETH_[^ ]*|QUADSPI_[^ ]*|FMC_[^ ]*|UART._[^ ]*|FDCAN._[^ ]*|DFSDM._[^ ]*|OTG_[^ ]*|TIM\d+_[^ ]*)( |$)"", "" ""))"),"") | Q70: COMP2_INM | R70: TIM1_CH2N,DFSDM1_DATIN4,UART7_CTS,QUADSPI_BK2_IO3,FMC_D7/FMC_DA7,EVENTOUT
A71: 41 | B71: PE11 | D71: =IF(COUNTIF(ConnectorPins!$F$2:$F$999, B71) > 0, MATCH(B71, ConnectorPins!$F$2:$F$999, 0), IF(COUNTIF(ConnectorPins!$I$2:$I$999, B71) > 0, MATCH(B71, ConnectorPins!$I$2:$I$999, 0) + 35, "")) -> 14 | E71: TIM1_CH2 | G71: =IFERROR(__xludf.DUMMYFUNCTION("TRIM(REGEXREPLACE(Q71 , ""ADC(\d+_(INN\d+|INP\d+)*)|."" , ""$1 "") )"),"") | I71: =IFERROR(__xludf.DUMMYFUNCTION("TRIM(REGEXREPLACE(R71 , ""SPI(._(MOSI|MISO|SCK))|."" , ""$1 "") )"),"") | J71: =IFERROR(__xludf.DUMMYFUNCTION("TRIM(REGEXREPLACE(R71 , ""FDCAN(._[\w_]+)|."" , ""$1 "") )"),"") | K71: =IFERROR(__xludf.DUMMYFUNCTION("TRIM(REGEXREPLACE(R71 , ""ETH_([\w_]+)|."" , ""$1 "") )"),"") | L71: =IFERROR(__xludf.DUMMYFUNCTION("TRIM(REGEXREPLACE(R71 , ""TIM(._\w+)|."" , ""$1 "") )"),"1_CH2") -> 1_CH2 | M71: =IFERROR(__xludf.DUMMYFUNCTION("TRIM(REGEXREPLACE(R71 , ""OTG_([\w_]+)|."" , ""$1 "") )"),"") | N71: =IFERROR(__xludf.DUMMYFUNCTION("TRIM(REGEXREPLACE(R71 , ""US?ART(._(TX|RX))|."" , ""$1 "") )"),"") | O71: =IFERROR(__xludf.DUMMYFUNCTION("TRIM(REGEXREPLACE(Q71 , ""DAC(\d+_OUT\d+)|."" , ""$1 "") )"),"") | P71: =IFERROR(__xludf.DUMMYFUNCTION("TRIM(REGEXREPLACE(REGEXREPLACE(R71, "","", "" ""), ""(EVENTOUT|TRACECLK|TRACED.|SPI._[^ ]*|SAI._[^ ]*|ETH_[^ ]*|QUADSPI_[^ ]*|FMC_[^ ]*|UART._[^ ]*|FDCAN._[^ ]*|DFSDM._[^ ]*|OTG_[^ ]*|TIM\d+_[^ ]*)( |$)"", "" ""))"),"LCD_G3") -> LCD_G3 | Q71: COMP2_INP | R71: TIM1_CH2,DFSDM1_CKIN4,SPI4_NSS, SAI2_SD_B,FMC_D8/FMC_DA8,LCD_G3, EVENTOUT
A72: 42 | B72: PE12 | D72: =IF(COUNTIF(ConnectorPins!$F$2:$F$999, B72) > 0, MATCH(B72, ConnectorPins!$F$2:$F$999, 0), IF(COUNTIF(ConnectorPins!$I$2:$I$999, B72) > 0, MATCH(B72, ConnectorPins!$I$2:$I$999, 0) + 35, "")) -> 15 | E72: TIM1_CH3N | F72: SPI4_SCK | G72: =IFERROR(__xludf.DUMMYFUNCTION("TRIM(REGEXREPLACE(Q72 , ""ADC(\d+_(INN\d+|INP\d+)*)|."" , ""$1 "") )"),"") | I72: =IFERROR(__xludf.DUMMYFUNCTION("TRIM(REGEXREPLACE(R72 , ""SPI(._(MOSI|MISO|SCK))|."" , ""$1 "") )"),"4_SCK") -> 4_SCK | J72: =IFERROR(__xludf.DUMMYFUNCTION("TRIM(REGEXREPLACE(R72 , ""FDCAN(._[\w_]+)|."" , ""$1 "") )"),"") | K72: =IFERROR(__xludf.DUMMYFUNCTION("TRIM(REGEXREPLACE(R72 , ""ETH_([\w_]+)|."" , ""$1 "") )"),"") | L72: =IFERROR(__xludf.DUMMYFUNCTION("TRIM(REGEXREPLACE(R72 , ""TIM(._\w+)|."" , ""$1 "") )"),"1_CH3N") -> 1_CH3N | M72: =IFERROR(__xludf.DUMMYFUNCTION("TRIM(REGEXREPLACE(R72 , ""OTG_([\w_]+)|."" , ""$1 "") )"),"") | N72: =IFERROR(__xludf.DUMMYFUNCTION("TRIM(REGEXREPLACE(R72 , ""US?ART(._(TX|RX))|."" , ""$1 "") )"),"") | O72: =IFERROR(__xludf.DUMMYFUNCTION("TRIM(REGEXREPLACE(Q72 , ""DAC(\d+_OUT\d+)|."" , ""$1 "") )"),"") | P72: =IFERROR(__xludf.DUMMYFUNCTION("TRIM(REGEXREPLACE(REGEXREPLACE(R72, "","", "" ""), ""(EVENTOUT|TRACECLK|TRACED.|SPI._[^ ]*|SAI._[^ ]*|ETH_[^ ]*|QUADSPI_[^ ]*|FMC_[^ ]*|UART._[^ ]*|FDCAN._[^ ]*|DFSDM._[^ ]*|OTG_[^ ]*|TIM\d+_[^ ]*)( |$)"", "" ""))"),"COMP1_OUT LCD_B4") -> COMP1_OUT LCD_B4 | R72: TIM1_CH3N,DFSDM1_DATIN5,SPI4_SCK,SAI2_SCK_B,FMC_D9/FMC_DA9,COMP1_OUT, LCD_B4,EVENTOUT
A73: 43 | B73: PE13 | D73: =IF(COUNTIF(ConnectorPins!$F$2:$F$999, B73) > 0, MATCH(B73, ConnectorPins!$F$2:$F$999, 0), IF(COUNTIF(ConnectorPins!$I$2:$I$999, B73) > 0, MATCH(B73, ConnectorPins!$I$2:$I$999, 0) + 35, "")) -> 16 | E73: TIM1_CH3 | F73: SPI4_MISO | G73: =IFERROR(__xludf.DUMMYFUNCTION("TRIM(REGEXREPLACE(Q73 , ""ADC(\d+_(INN\d+|INP\d+)*)|."" , ""$1 "") )"),"") | I73: =IFERROR(__xludf.DUMMYFUNCTION("TRIM(REGEXREPLACE(R73 , ""SPI(._(MOSI|MISO|SCK))|."" , ""$1 "") )"),"4_MISO") -> 4_MISO | J73: =IFERROR(__xludf.DUMMYFUNCTION("TRIM(REGEXREPLACE(R73 , ""FDCAN(._[\w_]+)|."" , ""$1 "") )"),"") | K73: =IFERROR(__xludf.DUMMYFUNCTION("TRIM(REGEXREPLACE(R73 , ""ETH_([\w_]+)|."" , ""$1 "") )"),"") | L73: =IFERROR(__xludf.DUMMYFUNCTION("TRIM(REGEXREPLACE(R73 , ""TIM(._\w+)|."" , ""$1 "") )"),"1_CH3") -> 1_CH3 | M73: =IFERROR(__xludf.DUMMYFUNCTION("TRIM(REGEXREPLACE(R73 , ""OTG_([\w_]+)|."" , ""$1 "") )"),"") | N73: =IFERROR(__xludf.DUMMYFUNCTION("TRIM(REGEXREPLACE(R73 , ""US?ART(._(TX|RX))|."" , ""$1 "") )"),"") | O73: =IFERROR(__xludf.DUMMYFUNCTION("TRIM(REGEXREPLACE(Q73 , ""DAC(\d+_OUT\d+)|."" , ""$1 "") )"),"") | P73: =IFERROR(__xludf.DUMMYFUNCTION("TRIM(REGEXREPLACE(REGEXREPLACE(R73, "","", "" ""), ""(EVENTOUT|TRACECLK|TRACED.|SPI._[^ ]*|SAI._[^ ]*|ETH_[^ ]*|QUADSPI_[^ ]*|FMC_[^ ]*|UART._[^ ]*|FDCAN._[^ ]*|DFSDM._[^ ]*|OTG_[^ ]*|TIM\d+_[^ ]*)( |$)"", "" ""))"),"COMP2_OUT LCD_DE") -> COMP2_OUT LCD_DE | R73: TIM1_CH3,DFSDM1_CKIN5,SPI4_MISO, SAI2_FS_B,FMC_D10/FMC_DA10,COMP2_OUT, LCD_DE,EVENTOUT
A74: 44 | B74: PE14 | D74: =IF(COUNTIF(ConnectorPins!$F$2:$F$999, B74) > 0, MATCH(B74, ConnectorPins!$F$2:$F$999, 0), IF(COUNTIF(ConnectorPins!$I$2:$I$999, B74) > 0, MATCH(B74, ConnectorPins!$I$2:$I$999, 0) + 35, "")) -> 17 | E74: TIM1_CH4 | F74: SPI4_MOSI | G74: =IFERROR(__xludf.DUMMYFUNCTION("TRIM(REGEXREPLACE(Q74 , ""ADC(\d+_(INN\d+|INP\d+)*)|."" , ""$1 "") )"),"") | I74: =IFERROR(__xludf.DUMMYFUNCTION("TRIM(REGEXREPLACE(R74 , ""SPI(._(MOSI|MISO|SCK))|."" , ""$1 "") )"),"4_MOSI") -> 4_MOSI | J74: =IFERROR(__xludf.DUMMYFUNCTION("TRIM(REGEXREPLACE(R74 , ""FDCAN(._[\w_]+)|."" , ""$1 "") )"),"") | K74: =IFERROR(__xludf.DUMMYFUNCTION("TRIM(REGEXREPLACE(R74 , ""ETH_([\w_]+)|."" , ""$1 "") )"),"") | L74: =IFERROR(__xludf.DUMMYFUNCTION("TRIM(REGEXREPLACE(R74 , ""TIM(._\w+)|."" , ""$1 "") )"),"1_CH4") -> 1_CH4 | M74: =IFERROR(__xludf.DUMMYFUNCTION("TRIM(REGEXREPLACE(R74 , ""OTG_([\w_]+)|."" , ""$1 "") )"),"") | N74: =IFERROR(__xludf.DUMMYFUNCTION("TRIM(REGEXREPLACE(R74 , ""US?ART(._(TX|RX))|."" , ""$1 "") )"),"") | O74: =IFERROR(__xludf.DUMMYFUNCTION("TRIM(REGEXREPLACE(Q74 , ""DAC(\d+_OUT\d+)|."" , ""$1 "") )"),"") | P74: =IFERROR(__xludf.DUMMYFUNCTION("TRIM(REGEXREPLACE(REGEXREPLACE(R74, "","", "" ""), ""(EVENTOUT|TRACECLK|TRACED.|SPI._[^ ]*|SAI._[^ ]*|ETH_[^ ]*|QUADSPI_[^ ]*|FMC_[^ ]*|UART._[^ ]*|FDCAN._[^ ]*|DFSDM._[^ ]*|OTG_[^ ]*|TIM\d+_[^ ]*)( |$)"", "" ""))"),"LCD_CLK") -> LCD_CLK | R74: TIM1_CH4, SPI4_MOSI,SAI2_MCLK_B,FMC_D11/FMC_DA11,LCD_CLK, EVENTOUT
A75: 45 | B75: PE15 | D75: =IF(COUNTIF(ConnectorPins!$F$2:$F$999, B75) > 0, MATCH(B75, ConnectorPins!$F$2:$F$999, 0), IF(COUNTIF(ConnectorPins!$I$2:$I$999, B75) > 0, MATCH(B75, ConnectorPins!$I$2:$I$999, 0) + 35, "")) | G75: =IFERROR(__xludf.DUMMYFUNCTION("TRIM(REGEXREPLACE(Q75 , ""ADC(\d+_(INN\d+|INP\d+)*)|."" , ""$1 "") )"),"") | I75: =IFERROR(__xludf.DUMMYFUNCTION("TRIM(REGEXREPLACE(R75 , ""SPI(._(MOSI|MISO|SCK))|."" , ""$1 "") )"),"") | J75: =IFERROR(__xludf.DUMMYFUNCTION("TRIM(REGEXREPLACE(R75 , ""FDCAN(._[\w_]+)|."" , ""$1 "") )"),"") | K75: =IFERROR(__xludf.DUMMYFUNCTION("TRIM(REGEXREPLACE(R75 , ""ETH_([\w_]+)|."" , ""$1 "") )"),"") | L75: =IFERROR(__xludf.DUMMYFUNCTION("TRIM(REGEXREPLACE(R75 , ""TIM(._\w+)|."" , ""$1 "") )"),"1_BKIN 1_BKIN_COMP12 1_BKIN") -> 1_BKIN 1_BKIN_COMP12 1_BKIN | M75: =IFERROR(__xludf.DUMMYFUNCTION("TRIM(REGEXREPLACE(R75 , ""OTG_([\w_]+)|."" , ""$1 "") )"),"") | N75: =IFERROR(__xludf.DUMMYFUNCTION("TRIM(REGEXREPLACE(R75 , ""US?ART(._(TX|RX))|."" , ""$1 "") )"),"") | O75: =IFERROR(__xludf.DUMMYFUNCTION("TRIM(REGEXREPLACE(Q75 , ""DAC(\d+_OUT\d+)|."" , ""$1 "") )"),"") | P75: =IFERROR(__xludf.DUMMYFUNCTION("TRIM(REGEXREPLACE(REGEXREPLACE(R75, "","", "" ""), ""(EVENTOUT|TRACECLK|TRACED.|SPI._[^ ]*|SAI._[^ ]*|ETH_[^ ]*|QUADSPI_[^ ]*|FMC_[^ ]*|UART._[^ ]*|FDCAN._[^ ]*|DFSDM._[^ ]*|OTG_[^ ]*|TIM\d+_[^ ]*)( |$)"", "" ""))"),"LCD_R7") -> LCD_R7 | R75: TIM1_BKIN,FMC_D12/FMC_DA12,TIM1_BKIN_COMP12/COMP_TIM1_BKIN,LCD_R7, EVENTOUT
A76: 1 | B76: PE2 | D76: =IF(COUNTIF(ConnectorPins!$F$2:$F$999, B76) > 0, MATCH(B76, ConnectorPins!$F$2:$F$999, 0), IF(COUNTIF(ConnectorPins!$I$2:$I$999, B76) > 0, MATCH(B76, ConnectorPins!$I$2:$I$999, 0) + 35, "")) -> 6 | E76: SPI4_SCK | G76: =IFERROR(__xludf.DUMMYFUNCTION("TRIM(REGEXREPLACE(Q76 , ""ADC(\d+_(INN\d+|INP\d+)*)|."" , ""$1 "") )"),"") | I76: =IFERROR(__xludf.DUMMYFUNCTION("TRIM(REGEXREPLACE(R76 , ""SPI(._(MOSI|MISO|SCK))|."" , ""$1 "") )"),"4_SCK") -> 4_SCK | J76: =IFERROR(__xludf.DUMMYFUNCTION("TRIM(REGEXREPLACE(R76 , ""FDCAN(._[\w_]+)|."" , ""$1 "") )"),"") | K76: =IFERROR(__xludf.DUMMYFUNCTION("TRIM(REGEXREPLACE(R76 , ""ETH_([\w_]+)|."" , ""$1 "") )"),"MII_TXD3") -> MII_TXD3 | L76: =IFERROR(__xludf.DUMMYFUNCTION("TRIM(REGEXREPLACE(R76 , ""TIM(._\w+)|."" , ""$1 "") )"),"") | M76: =IFERROR(__xludf.DUMMYFUNCTION("TRIM(REGEXREPLACE(R76 , ""OTG_([\w_]+)|."" , ""$1 "") )"),"") | N76: =IFERROR(__xludf.DUMMYFUNCTION("TRIM(REGEXREPLACE(R76 , ""US?ART(._(TX|RX))|."" , ""$1 "") )"),"") | O76: =IFERROR(__xludf.DUMMYFUNCTION("TRIM(REGEXREPLACE(Q76 , ""DAC(\d+_OUT\d+)|."" , ""$1 "") )"),"") | P76: =IFERROR(__xludf.DUMMYFUNCTION("TRIM(REGEXREPLACE(REGEXREPLACE(R76, "","", "" ""), ""(EVENTOUT|TRACECLK|TRACED.|SPI._[^ ]*|SAI._[^ ]*|ETH_[^ ]*|QUADSPI_[^ ]*|FMC_[^ ]*|UART._[^ ]*|FDCAN._[^ ]*|DFSDM._[^ ]*|OTG_[^ ]*|TIM\d+_[^ ]*)( |$)"", "" ""))"),"") | R76: TRACECLK, SAI1_CK1,SPI4_SCK,SAI1_MCLK_A,SAI4_MCLK_A,QUADSPI_BK1_IO2,SAI4_CK1,ETH_MII_TXD3,FMC_A23, EVENTOUT
A77: 2 | B77: PE3 | C77: Output | D77: =IF(COUNTIF(ConnectorPins!$F$2:$F$999, B77) > 0, MATCH(B77, ConnectorPins!$F$2:$F$999, 0), IF(COUNTIF(ConnectorPins!$I$2:$I$999, B77) > 0, MATCH(B77, ConnectorPins!$I$2:$I$999, 0) + 35, "")) | G77: =IFERROR(__xludf.DUMMYFUNCTION("TRIM(REGEXREPLACE(Q77 , ""ADC(\d+_(INN\d+|INP\d+)*)|."" , ""$1 "") )"),"") | H77: CS for Baro2 | I77: =IFERROR(__xludf.DUMMYFUNCTION("TRIM(REGEXREPLACE(R77 , ""SPI(._(MOSI|MISO|SCK))|."" , ""$1 "") )"),"") | J77: =IFERROR(__xludf.DUMMYFUNCTION("TRIM(REGEXREPLACE(R77 , ""FDCAN(._[\w_]+)|."" , ""$1 "") )"),"") | K77: =IFERROR(__xludf.DUMMYFUNCTION("TRIM(REGEXREPLACE(R77 , ""ETH_([\w_]+)|."" , ""$1 "") )"),"") | L77: =IFERROR(__xludf.DUMMYFUNCTION("TRIM(REGEXREPLACE(R77 , ""TIM(._\w+)|."" , ""$1 "") )"),"") | M77: =IFERROR(__xludf.DUMMYFUNCTION("TRIM(REGEXREPLACE(R77 , ""OTG_([\w_]+)|."" , ""$1 "") )"),"") | N77: =IFERROR(__xludf.DUMMYFUNCTION("TRIM(REGEXREPLACE(R77 , ""US?ART(._(TX|RX))|."" , ""$1 "") )"),"") | O77: =IFERROR(__xludf.DUMMYFUNCTION("TRIM(REGEXREPLACE(Q77 , ""DAC(\d+_OUT\d+)|."" , ""$1 "") )"),"") | P77: =IFERROR(__xludf.DUMMYFUNCTION("TRIM(REGEXREPLACE(REGEXREPLACE(R77, "","", "" ""), ""(EVENTOUT|TRACECLK|TRACED.|SPI._[^ ]*|SAI._[^ ]*|ETH_[^ ]*|QUADSPI_[^ ]*|FMC_[^ ]*|UART._[^ ]*|FDCAN._[^ ]*|DFSDM._[^ ]*|OTG_[^ ]*|TIM\d+_[^ ]*)( |$)"", "" ""))"),"") | R77: TRACED0, TIM15_BKIN,SAI1_SD_B, SAI4_SD_B,FMC_A19, EVENTOUT
A78: 3 | B78: PE4 | C78: Output | D78: =IF(COUNTIF(ConnectorPins!$F$2:$F$999, B78) > 0, MATCH(B78, ConnectorPins!$F$2:$F$999, 0), IF(COUNTIF(ConnectorPins!$I$2:$I$999, B78) > 0, MATCH(B78, ConnectorPins!$I$2:$I$999, 0) + 35, "")) | G78: =IFERROR(__xludf.DUMMYFUNCTION("TRIM(REGEXREPLACE(Q78 , ""ADC(\d+_(INN\d+|INP\d+)*)|."" , ""$1 "") )"),"") | H78: CS for Baro3 | I78: =IFERROR(__xludf.DUMMYFUNCTION("TRIM(REGEXREPLACE(R78 , ""SPI(._(MOSI|MISO|SCK))|."" , ""$1 "") )"),"") | J78: =IFERROR(__xludf.DUMMYFUNCTION("TRIM(REGEXREPLACE(R78 , ""FDCAN(._[\w_]+)|."" , ""$1 "") )"),"") | K78: =IFERROR(__xludf.DUMMYFUNCTION("TRIM(REGEXREPLACE(R78 , ""ETH_([\w_]+)|."" , ""$1 "") )"),"") | L78: =IFERROR(__xludf.DUMMYFUNCTION("TRIM(REGEXREPLACE(R78 , ""TIM(._\w+)|."" , ""$1 "") )"),"") | M78: =IFERROR(__xludf.DUMMYFUNCTION("TRIM(REGEXREPLACE(R78 , ""OTG_([\w_]+)|."" , ""$1 "") )"),"") | N78: =IFERROR(__xludf.DUMMYFUNCTION("TRIM(REGEXREPLACE(R78 , ""US?ART(._(TX|RX))|."" , ""$1 "") )"),"") | O78: =IFERROR(__xludf.DUMMYFUNCTION("TRIM(REGEXREPLACE(Q78 , ""DAC(\d+_OUT\d+)|."" , ""$1 "") )"),"") | P78: =IFERROR(__xludf.DUMMYFUNCTION("TRIM(REGEXREPLACE(REGEXREPLACE(R78, "","", "" ""), ""(EVENTOUT|TRACECLK|TRACED.|SPI._[^ ]*|SAI._[^ ]*|ETH_[^ ]*|QUADSPI_[^ ]*|FMC_[^ ]*|UART._[^ ]*|FDCAN._[^ ]*|DFSDM._[^ ]*|OTG_[^ ]*|TIM\d+_[^ ]*)( |$)"", "" ""))"),"DCMI_D4 LCD_B0") -> DCMI_D4 LCD_B0 | R78: TRACED1, SAI1_D2,DFSDM1_DATIN3,TIM15_CH1N,SPI4_NSS, SAI1_FS_A,SAI4_FS_A, SAI4_D2,FMC_A20, DCMI_D4,LCD_B0, EVENTOUT
A79: 4 | B79: PE5 | D79: =IF(COUNTIF(ConnectorPins!$F$2:$F$999, B79) > 0, MATCH(B79, ConnectorPins!$F$2:$F$999, 0), IF(COUNTIF(ConnectorPins!$I$2:$I$999, B79) > 0, MATCH(B79, ConnectorPins!$I$2:$I$999, 0) + 35, "")) -> 7 | E79: SPI4_MISO | G79: =IFERROR(__xludf.DUMMYFUNCTION("TRIM(REGEXREPLACE(Q79 , ""ADC(\d+_(INN\d+|INP\d+)*)|."" , ""$1 "") )"),"") | I79: =IFERROR(__xludf.DUMMYFUNCTION("TRIM(REGEXREPLACE(R79 , ""SPI(._(MOSI|MISO|SCK))|."" , ""$1 "") )"),"4_MISO") -> 4_MISO | J79: =IFERROR(__xludf.DUMMYFUNCTION("TRIM(REGEXREPLACE(R79 , ""FDCAN(._[\w_]+)|."" , ""$1 "") )"),"") | K79: =IFERROR(__xludf.DUMMYFUNCTION("TRIM(REGEXREPLACE(R79 , ""ETH_([\w_]+)|."" , ""$1 "") )"),"") | L79: =IFERROR(__xludf.DUMMYFUNCTION("TRIM(REGEXREPLACE(R79 , ""TIM(._\w+)|."" , ""$1 "") )"),"") | M79: =IFERROR(__xludf.DUMMYFUNCTION("TRIM(REGEXREPLACE(R79 , ""OTG_([\w_]+)|."" , ""$1 "") )"),"") | N79: =IFERROR(__xludf.DUMMYFUNCTION("TRIM(REGEXREPLACE(R79 , ""US?ART(._(TX|RX))|."" , ""$1 "") )"),"") | O79: =IFERROR(__xludf.DUMMYFUNCTION("TRIM(REGEXREPLACE(Q79 , ""DAC(\d+_OUT\d+)|."" , ""$1 "") )"),"") | P79: =IFERROR(__xludf.DUMMYFUNCTION("TRIM(REGEXREPLACE(REGEXREPLACE(R79, "","", "" ""), ""(EVENTOUT|TRACECLK|TRACED.|SPI._[^ ]*|SAI._[^ ]*|ETH_[^ ]*|QUADSPI_[^ ]*|FMC_[^ ]*|UART._[^ ]*|FDCAN._[^ ]*|DFSDM._[^ ]*|OTG_[^ ]*|TIM\d+_[^ ]*)( |$)"", "" ""))"),"DCMI_D6 LCD_G0") -> DCMI_D6 LCD_G0 | R79: TRACED2, SAI1_CK2,DFSDM1_CKIN3,TIM15_CH1, SPI4_MISO,SAI1_SCK_A,SAI4_SCK_A, SAI4_CK2,FMC_A21, DCMI_D6,LCD_G0, EVENTOUT
A80: 5 | B80: PE6 | D80: =IF(COUNTIF(ConnectorPins!$F$2:$F$999, B80) > 0, MATCH(B80, ConnectorPins!$F$2:$F$999, 0), IF(COUNTIF(ConnectorPins!$I$2:$I$999, B80) > 0, MATCH(B80, ConnectorPins!$I$2:$I$999, 0) + 35, "")) -> 8 | E80: SPI4_MOSI | G80: =IFERROR(__xludf.DUMMYFUNCTION("TRIM(REGEXREPLACE(Q80 , ""ADC(\d+_(INN\d+|INP\d+)*)|."" , ""$1 "") )"),"") | I80: =IFERROR(__xludf.DUMMYFUNCTION("TRIM(REGEXREPLACE(R80 , ""SPI(._(MOSI|MISO|SCK))|."" , ""$1 "") )"),"4_MOSI") -> 4_MOSI | J80: =IFERROR(__xludf.DUMMYFUNCTION("TRIM(REGEXREPLACE(R80 , ""FDCAN(._[\w_]+)|."" , ""$1 "") )"),"") | K80: =IFERROR(__xludf.DUMMYFUNCTION("TRIM(REGEXREPLACE(R80 , ""ETH_([\w_]+)|."" , ""$1 "") )"),"") | L80: =IFERROR(__xludf.DUMMYFUNCTION("TRIM(REGEXREPLACE(R80 , ""TIM(._\w+)|."" , ""$1 "") )"),"1_BKIN2 1_BKIN2_COMP12") -> 1_BKIN2 1_BKIN2_COMP12 | M80: =IFERROR(__xludf.DUMMYFUNCTION("TRIM(REGEXREPLACE(R80 , ""OTG_([\w_]+)|."" , ""$1 "") )"),"") | N80: =IFERROR(__xludf.DUMMYFUNCTION("TRIM(REGEXREPLACE(R80 , ""US?ART(._(TX|RX))|."" , ""$1 "") )"),"") | O80: =IFERROR(__xludf.DUMMYFUNCTION("TRIM(REGEXREPLACE(Q80 , ""DAC(\d+_OUT\d+)|."" , ""$1 "") )"),"") | P80: =IFERROR(__xludf.DUMMYFUNCTION("TRIM(REGEXREPLACE(REGEXREPLACE(R80, "","", "" ""), ""(EVENTOUT|TRACECLK|TRACED.|SPI._[^ ]*|SAI._[^ ]*|ETH_[^ ]*|QUADSPI_[^ ]*|FMC_[^ ]*|UART._[^ ]*|FDCAN._[^ ]*|DFSDM._[^ ]*|OTG_[^ ]*|TIM\d+_[^ ]*)( |$)"", "" ""))"),"DCMI_D7 LCD_G1") -> DCMI_D7 LCD_G1 | R80: TRACED3, TIM1_BKIN2,SAI1_D1, TIM15_CH2,SPI4_MOSI, SAI1_SD_A,SAI4_SD_A, SAI4_D1,SAI2_MCLK_B,TIM1_BKIN2_COMP12,FMC_A22, DCMI_D7,LCD_G1, EVENTOUT
A81: 37 | B81: PE7 | D81: =IF(COUNTIF(ConnectorPins!$F$2:$F$999, B81) > 0, MATCH(B81, ConnectorPins!$F$2:$F$999, 0), IF(COUNTIF(ConnectorPins!$I$2:$I$999, B81) > 0, MATCH(B81, ConnectorPins!$I$2:$I$999, 0) + 35, "")) -> 10 | F81: UART7_RX | G81: =IFERROR(__xludf.DUMMYFUNCTION("TRIM(REGEXREPLACE(Q81 , ""ADC(\d+_(INN\d+|INP\d+)*)|."" , ""$1 "") )"),"") | I81: =IFERROR(__xludf.DUMMYFUNCTION("TRIM(REGEXREPLACE(R81 , ""SPI(._(MOSI|MISO|SCK))|."" , ""$1 "") )"),"") | J81: =IFERROR(__xludf.DUMMYFUNCTION("TRIM(REGEXREPLACE(R81 , ""FDCAN(._[\w_]+)|."" , ""$1 "") )"),"") | K81: =IFERROR(__xludf.DUMMYFUNCTION("TRIM(REGEXREPLACE(R81 , ""ETH_([\w_]+)|."" , ""$1 "") )"),"") | L81: =IFERROR(__xludf.DUMMYFUNCTION("TRIM(REGEXREPLACE(R81 , ""TIM(._\w+)|."" , ""$1 "") )"),"1_ETR") -> 1_ETR | M81: =IFERROR(__xludf.DUMMYFUNCTION("TRIM(REGEXREPLACE(R81 , ""OTG_([\w_]+)|."" , ""$1 "") )"),"") | N81: =IFERROR(__xludf.DUMMYFUNCTION("TRIM(REGEXREPLACE(R81 , ""US?ART(._(TX|RX))|."" , ""$1 "") )"),"7_RX") -> 7_RX | O81: =IFERROR(__xludf.DUMMYFUNCTION("TRIM(REGEXREPLACE(Q81 , ""DAC(\d+_OUT\d+)|."" , ""$1 "") )"),"") | P81: =IFERROR(__xludf.DUMMYFUNCTION("TRIM(REGEXREPLACE(REGEXREPLACE(R81, "","", "" ""), ""(EVENTOUT|TRACECLK|TRACED.|SPI._[^ ]*|SAI._[^ ]*|ETH_[^ ]*|QUADSPI_[^ ]*|FMC_[^ ]*|UART._[^ ]*|FDCAN._[^ ]*|DFSDM._[^ ]*|OTG_[^ ]*|TIM\d+_[^ ]*)( |$)"", "" ""))"),"") | Q81: OPAMP2_VOUT,COMP2_INM | R81: TIM1_ETR,DFSDM1_DATIN2,UART7_RX,QUADSPI_BK2_IO0,FMC_D4/FMC_DA4,EVENTOUT
A82: 38 | B82: PE8 | D82: =IF(COUNTIF(ConnectorPins!$F$2:$F$999, B82) > 0, MATCH(B82, ConnectorPins!$F$2:$F$999, 0), IF(COUNTIF(ConnectorPins!$I$2:$I$999, B82) > 0, MATCH(B82, ConnectorPins!$I$2:$I$999, 0) + 35, "")) -> 11 | E82: TIM1_CH1N | F82: UART7_TX | G82: =IFERROR(__xludf.DUMMYFUNCTION("TRIM(REGEXREPLACE(Q82 , ""ADC(\d+_(INN\d+|INP\d+)*)|."" , ""$1 "") )"),"") | I82: =IFERROR(__xludf.DUMMYFUNCTION("TRIM(REGEXREPLACE(R82 , ""SPI(._(MOSI|MISO|SCK))|."" , ""$1 "") )"),"") | J82: =IFERROR(__xludf.DUMMYFUNCTION("TRIM(REGEXREPLACE(R82 , ""FDCAN(._[\w_]+)|."" , ""$1 "") )"),"") | K82: =IFERROR(__xludf.DUMMYFUNCTION("TRIM(REGEXREPLACE(R82 , ""ETH_([\w_]+)|."" , ""$1 "") )"),"") | L82: =IFERROR(__xludf.DUMMYFUNCTION("TRIM(REGEXREPLACE(R82 , ""TIM(._\w+)|."" , ""$1 "") )"),"1_CH1N") -> 1_CH1N | M82: =IFERROR(__xludf.DUMMYFUNCTION("TRIM(REGEXREPLACE(R82 , ""OTG_([\w_]+)|."" , ""$1 "") )"),"") | N82: =IFERROR(__xludf.DUMMYFUNCTION("TRIM(REGEXREPLACE(R82 , ""US?ART(._(TX|RX))|."" , ""$1 "") )"),"7_TX") -> 7_TX | O82: =IFERROR(__xludf.DUMMYFUNCTION("TRIM(REGEXREPLACE(Q82 , ""DAC(\d+_OUT\d+)|."" , ""$1 "") )"),"") | P82: =IFERROR(__xludf.DUMMYFUNCTION("TRIM(REGEXREPLACE(REGEXREPLACE(R82, "","", "" ""), ""(EVENTOUT|TRACECLK|TRACED.|SPI._[^ ]*|SAI._[^ ]*|ETH_[^ ]*|QUADSPI_[^ ]*|FMC_[^ ]*|UART._[^ ]*|FDCAN._[^ ]*|DFSDM._[^ ]*|OTG_[^ ]*|TIM\d+_[^ ]*)( |$)"", "" ""))"),"COMP2_OUT") -> COMP2_OUT | Q82: OPAMP2_VINM | R82: TIM1_CH1N,DFSDM1_CKIN2,UART7_TX,QUADSPI_BK2_IO1,FMC_D5/FMC_DA5,COMP2_OUT,EVENTOUT
A83: 39 | B83: PE9 | D83: =IF(COUNTIF(ConnectorPins!$F$2:$F$999, B83) > 0, MATCH(B83, ConnectorPins!$F$2:$F$999, 0), IF(COUNTIF(ConnectorPins!$I$2:$I$999, B83) > 0, MATCH(B83, ConnectorPins!$I$2:$I$999, 0) + 35, "")) -> 12 | E83: TIM1_CH1 | G83: =IFERROR(__xludf.DUMMYFUNCTION("TRIM(REGEXREPLACE(Q83 , ""ADC(\d+_(INN\d+|INP\d+)*)|."" , ""$1 "") )"),"") | I83: =IFERROR(__xludf.DUMMYFUNCTION("TRIM(REGEXREPLACE(R83 , ""SPI(._(MOSI|MISO|SCK))|."" , ""$1 "") )"),"") | J83: =IFERROR(__xludf.DUMMYFUNCTION("TRIM(REGEXREPLACE(R83 , ""FDCAN(._[\w_]+)|."" , ""$1 "") )"),"") | K83: =IFERROR(__xludf.DUMMYFUNCTION("TRIM(REGEXREPLACE(R83 , ""ETH_([\w_]+)|."" , ""$1 "") )"),"") | L83: =IFERROR(__xludf.DUMMYFUNCTION("TRIM(REGEXREPLACE(R83 , ""TIM(._\w+)|."" , ""$1 "") )"),"1_CH1") -> 1_CH1 | M83: =IFERROR(__xludf.DUMMYFUNCTION("TRIM(REGEXREPLACE(R83 , ""OTG_([\w_]+)|."" , ""$1 "") )"),"") | N83: =IFERROR(__xludf.DUMMYFUNCTION("TRIM(REGEXREPLACE(R83 , ""US?ART(._(TX|RX))|."" , ""$1 "") )"),"") | O83: =IFERROR(__xludf.DUMMYFUNCTION("TRIM(REGEXREPLACE(Q83 , ""DAC(\d+_OUT\d+)|."" , ""$1 "") )"),"") | P83: =IFERROR(__xludf.DUMMYFUNCTION("TRIM(REGEXREPLACE(REGEXREPLACE(R83, "","", "" ""), ""(EVENTOUT|TRACECLK|TRACED.|SPI._[^ ]*|SAI._[^ ]*|ETH_[^ ]*|QUADSPI_[^ ]*|FMC_[^ ]*|UART._[^ ]*|FDCAN._[^ ]*|DFSDM._[^ ]*|OTG_[^ ]*|TIM\d+_[^ ]*)( |$)"", "" ""))"),"") | Q83: OPAMP2_VINP,COMP2_INP | R83: TIM1_CH1,DFSDM1_CKOUT,UART7_RTS/UART7_DE, QUADSPI_BK2_IO2,FMC_D6/FMC_DA6,EVENTOUT
A84: 12 | B84: PH0-OSC_IN | D84: =IF(COUNTIF(ConnectorPins!$F$2:$F$999, B84) > 0, MATCH(B84, ConnectorPins!$F$2:$F$999, 0), IF(COUNTIF(ConnectorPins!$I$2:$I$999, B84) > 0, MATCH(B84, ConnectorPins!$I$2:$I$999, 0) + 35, "")) | G84: =IFERROR(__xludf.DUMMYFUNCTION("TRIM(REGEXREPLACE(Q84 , ""ADC(\d+_(INN\d+|INP\d+)*)|."" , ""$1 "") )"),"") | I84: =IFERROR(__xludf.DUMMYFUNCTION("TRIM(REGEXREPLACE(R84 , ""SPI(._(MOSI|MISO|SCK))|."" , ""$1 "") )"),"") | J84: =IFERROR(__xludf.DUMMYFUNCTION("TRIM(REGEXREPLACE(R84 , ""FDCAN(._[\w_]+)|."" , ""$1 "") )"),"") | K84: =IFERROR(__xludf.DUMMYFUNCTION("TRIM(REGEXREPLACE(R84 , ""ETH_([\w_]+)|."" , ""$1 "") )"),"") | L84: =IFERROR(__xludf.DUMMYFUNCTION("TRIM(REGEXREPLACE(R84 , ""TIM(._\w+)|."" , ""$1 "") )"),"") | M84: =IFERROR(__xludf.DUMMYFUNCTION("TRIM(REGEXREPLACE(R84 , ""OTG_([\w_]+)|."" , ""$1 "") )"),"") | N84: =IFERROR(__xludf.DUMMYFUNCTION("TRIM(REGEXREPLACE(R84 , ""US?ART(._(TX|RX))|."" , ""$1 "") )"),"") | O84: =IFERROR(__xludf.DUMMYFUNCTION("TRIM(REGEXREPLACE(Q84 , ""DAC(\d+_OUT\d+)|."" , ""$1 "") )"),"") | P84: =IFERROR(__xludf.DUMMYFUNCTION("TRIM(REGEXREPLACE(REGEXREPLACE(R84, "","", "" ""), ""(EVENTOUT|TRACECLK|TRACED.|SPI._[^ ]*|SAI._[^ ]*|ETH_[^ ]*|QUADSPI_[^ ]*|FMC_[^ ]*|UART._[^ ]*|FDCAN._[^ ]*|DFSDM._[^ ]*|OTG_[^ ]*|TIM\d+_[^ ]*)( |$)"", "" ""))"),"") | Q84: OSC_IN | R84: EVENTOUT
A85: 13 | B85: PH1-OSC_OUT | D85: =IF(COUNTIF(ConnectorPins!$F$2:$F$999, B85) > 0, MATCH(B85, ConnectorPins!$F$2:$F$999, 0), IF(COUNTIF(ConnectorPins!$I$2:$I$999, B85) > 0, MATCH(B85, ConnectorPins!$I$2:$I$999, 0) + 35, "")) | G85: =IFERROR(__xludf.DUMMYFUNCTION("TRIM(REGEXREPLACE(Q85 , ""ADC(\d+_(INN\d+|INP\d+)*)|."" , ""$1 "") )"),"") | I85: =IFERROR(__xludf.DUMMYFUNCTION("TRIM(REGEXREPLACE(R85 , ""SPI(._(MOSI|MISO|SCK))|."" , ""$1 "") )"),"") | J85: =IFERROR(__xludf.DUMMYFUNCTION("TRIM(REGEXREPLACE(R85 , ""FDCAN(._[\w_]+)|."" , ""$1 "") )"),"") | K85: =IFERROR(__xludf.DUMMYFUNCTION("TRIM(REGEXREPLACE(R85 , ""ETH_([\w_]+)|."" , ""$1 "") )"),"") | L85: =IFERROR(__xludf.DUMMYFUNCTION("TRIM(REGEXREPLACE(R85 , ""TIM(._\w+)|."" , ""$1 "") )"),"") | M85: =IFERROR(__xludf.DUMMYFUNCTION("TRIM(REGEXREPLACE(R85 , ""OTG_([\w_]+)|."" , ""$1 "") )"),"") | N85: =IFERROR(__xludf.DUMMYFUNCTION("TRIM(REGEXREPLACE(R85 , ""US?ART(._(TX|RX))|."" , ""$1 "") )"),"") | O85: =IFERROR(__xludf.DUMMYFUNCTION("TRIM(REGEXREPLACE(Q85 , ""DAC(\d+_OUT\d+)|."" , ""$1 "") )"),"") | P85: =IFERROR(__xludf.DUMMYFUNCTION("TRIM(REGEXREPLACE(REGEXREPLACE(R85, "","", "" ""), ""(EVENTOUT|TRACECLK|TRACED.|SPI._[^ ]*|SAI._[^ ]*|ETH_[^ ]*|QUADSPI_[^ ]*|FMC_[^ ]*|UART._[^ ]*|FDCAN._[^ ]*|DFSDM._[^ ]*|OTG_[^ ]*|TIM\d+_[^ ]*)( |$)"", "" ""))"),"") | Q85: OSC_OUT | R85: EVENTOUT
A86: 6 | B86: VBAT | D86: =IF(COUNTIF(ConnectorPins!$F$2:$F$999, B86) > 0, MATCH(B86, ConnectorPins!$F$2:$F$999, 0), IF(COUNTIF(ConnectorPins!$I$2:$I$999, B86) > 0, MATCH(B86, ConnectorPins!$I$2:$I$999, 0) + 35, "")) | G86: =IFERROR(__xludf.DUMMYFUNCTION("TRIM(REGEXREPLACE(Q86 , ""ADC(\d+_(INN\d+|INP\d+)*)|."" , ""$1 "") )"),"") | I86: =IFERROR(__xludf.DUMMYFUNCTION("TRIM(REGEXREPLACE(R86 , ""SPI(._(MOSI|MISO|SCK))|."" , ""$1 "") )"),"") | J86: =IFERROR(__xludf.DUMMYFUNCTION("TRIM(REGEXREPLACE(R86 , ""FDCAN(._[\w_]+)|."" , ""$1 "") )"),"") | K86: =IFERROR(__xludf.DUMMYFUNCTION("TRIM(REGEXREPLACE(R86 , ""ETH_([\w_]+)|."" , ""$1 "") )"),"") | L86: =IFERROR(__xludf.DUMMYFUNCTION("TRIM(REGEXREPLACE(R86 , ""TIM(._\w+)|."" , ""$1 "") )"),"") | M86: =IFERROR(__xludf.DUMMYFUNCTION("TRIM(REGEXREPLACE(R86 , ""OTG_([\w_]+)|."" , ""$1 "") )"),"") | N86: =IFERROR(__xludf.DUMMYFUNCTION("TRIM(REGEXREPLACE(R86 , ""US?ART(._(TX|RX))|."" , ""$1 "") )"),"") | O86: =IFERROR(__xludf.DUMMYFUNCTION("TRIM(REGEXREPLACE(Q86 , ""DAC(\d+_OUT\d+)|."" , ""$1 "") )"),"") | P86: =IFERROR(__xludf.DUMMYFUNCTION("TRIM(REGEXREPLACE(REGEXREPLACE(R86, "","", "" ""), ""(EVENTOUT|TRACECLK|TRACED.|SPI._[^ ]*|SAI._[^ ]*|ETH_[^ ]*|QUADSPI_[^ ]*|FMC_[^ ]*|UART._[^ ]*|FDCAN._[^ ]*|DFSDM._[^ ]*|OTG_[^ ]*|TIM\d+_[^ ]*)( |$)"", "" ""))"),"")
A87: 48 | B87: VCAP | D87: =IF(COUNTIF(ConnectorPins!$F$2:$F$999, B87) > 0, MATCH(B87, ConnectorPins!$F$2:$F$999, 0), IF(COUNTIF(ConnectorPins!$I$2:$I$999, B87) > 0, MATCH(B87, ConnectorPins!$I$2:$I$999, 0) + 35, "")) | G87: =IFERROR(__xludf.DUMMYFUNCTION("TRIM(REGEXREPLACE(Q87 , ""ADC(\d+_(INN\d+|INP\d+)*)|."" , ""$1 "") )"),"") | I87: =IFERROR(__xludf.DUMMYFUNCTION("TRIM(REGEXREPLACE(R87 , ""SPI(._(MOSI|MISO|SCK))|."" , ""$1 "") )"),"") | J87: =IFERROR(__xludf.DUMMYFUNCTION("TRIM(REGEXREPLACE(R87 , ""FDCAN(._[\w_]+)|."" , ""$1 "") )"),"") | K87: =IFERROR(__xludf.DUMMYFUNCTION("TRIM(REGEXREPLACE(R87 , ""ETH_([\w_]+)|."" , ""$1 "") )"),"") | L87: =IFERROR(__xludf.DUMMYFUNCTION("TRIM(REGEXREPLACE(R87 , ""TIM(._\w+)|."" , ""$1 "") )"),"") | M87: =IFERROR(__xludf.DUMMYFUNCTION("TRIM(REGEXREPLACE(R87 , ""OTG_([\w_]+)|."" , ""$1 "") )"),"") | N87: =IFERROR(__xludf.DUMMYFUNCTION("TRIM(REGEXREPLACE(R87 , ""US?ART(._(TX|RX))|."" , ""$1 "") )"),"") | O87: =IFERROR(__xludf.DUMMYFUNCTION("TRIM(REGEXREPLACE(Q87 , ""DAC(\d+_OUT\d+)|."" , ""$1 "") )"),"") | P87: =IFERROR(__xludf.DUMMYFUNCTION("TRIM(REGEXREPLACE(REGEXREPLACE(R87, "","", "" ""), ""(EVENTOUT|TRACECLK|TRACED.|SPI._[^ ]*|SAI._[^ ]*|ETH_[^ ]*|QUADSPI_[^ ]*|FMC_[^ ]*|UART._[^ ]*|FDCAN._[^ ]*|DFSDM._[^ ]*|OTG_[^ ]*|TIM\d+_[^ ]*)( |$)"", "" ""))"),"")
A88: 73 | B88: VCAP | D88: =IF(COUNTIF(ConnectorPins!$F$2:$F$999, B88) > 0, MATCH(B88, ConnectorPins!$F$2:$F$999, 0), IF(COUNTIF(ConnectorPins!$I$2:$I$999, B88) > 0, MATCH(B88, ConnectorPins!$I$2:$I$999, 0), "")) | G88: =IFERROR(__xludf.DUMMYFUNCTION("TRIM(REGEXREPLACE(Q88 , ""ADC(\d+_(INN\d+|INP\d+)*)|."" , ""$1 "") )"),"") | I88: =IFERROR(__xludf.DUMMYFUNCTION("TRIM(REGEXREPLACE(R88 , ""SPI(._(MOSI|MISO|SCK))|."" , ""$1 "") )"),"") | J88: =IFERROR(__xludf.DUMMYFUNCTION("TRIM(REGEXREPLACE(R88 , ""FDCAN(._[\w_]+)|."" , ""$1 "") )"),"") | K88: =IFERROR(__xludf.DUMMYFUNCTION("TRIM(REGEXREPLACE(R88 , ""ETH_([\w_]+)|."" , ""$1 "") )"),"") | L88: =IFERROR(__xludf.DUMMYFUNCTION("TRIM(REGEXREPLACE(R88 , ""TIM(._\w+)|."" , ""$1 "") )"),"") | M88: =IFERROR(__xludf.DUMMYFUNCTION("TRIM(REGEXREPLACE(R88 , ""OTG_([\w_]+)|."" , ""$1 "") )"),"") | N88: =IFERROR(__xludf.DUMMYFUNCTION("TRIM(REGEXREPLACE(R88 , ""US?ART(._(TX|RX))|."" , ""$1 "") )"),"") | O88: =IFERROR(__xludf.DUMMYFUNCTION("TRIM(REGEXREPLACE(Q88 , ""DAC(\d+_OUT\d+)|."" , ""$1 "") )"),"") | P88: =IFERROR(__xludf.DUMMYFUNCTION("TRIM(REGEXREPLACE(REGEXREPLACE(R88, "","", "" ""), ""(EVENTOUT|TRACECLK|TRACED.|SPI._[^ ]*|SAI._[^ ]*|ETH_[^ ]*|QUADSPI_[^ ]*|FMC_[^ ]*|UART._[^ ]*|FDCAN._[^ ]*|DFSDM._[^ ]*|OTG_[^ ]*|TIM\d+_[^ ]*)( |$)"", "" ""))"),"")
A89: 11 | B89: VDD | D89: =IF(COUNTIF(ConnectorPins!$F$2:$F$999, B89) > 0, MATCH(B89, ConnectorPins!$F$2:$F$999, 0), IF(COUNTIF(ConnectorPins!$I$2:$I$999, B89) > 0, MATCH(B89, ConnectorPins!$I$2:$I$999, 0) + 35, "")) | G89: =IFERROR(__xludf.DUMMYFUNCTION("TRIM(REGEXREPLACE(Q89 , ""ADC(\d+_(INN\d+|INP\d+)*)|."" , ""$1 "") )"),"") | I89: =IFERROR(__xludf.DUMMYFUNCTION("TRIM(REGEXREPLACE(R89 , ""SPI(._(MOSI|MISO|SCK))|."" , ""$1 "") )"),"") | J89: =IFERROR(__xludf.DUMMYFUNCTION("TRIM(REGEXREPLACE(R89 , ""FDCAN(._[\w_]+)|."" , ""$1 "") )"),"") | K89: =IFERROR(__xludf.DUMMYFUNCTION("TRIM(REGEXREPLACE(R89 , ""ETH_([\w_]+)|."" , ""$1 "") )"),"") | L89: =IFERROR(__xludf.DUMMYFUNCTION("TRIM(REGEXREPLACE(R89 , ""TIM(._\w+)|."" , ""$1 "") )"),"") | M89: =IFERROR(__xludf.DUMMYFUNCTION("TRIM(REGEXREPLACE(R89 , ""OTG_([\w_]+)|."" , ""$1 "") )"),"") | N89: =IFERROR(__xludf.DUMMYFUNCTION("TRIM(REGEXREPLACE(R89 , ""US?ART(._(TX|RX))|."" , ""$1 "") )"),"") | O89: =IFERROR(__xludf.DUMMYFUNCTION("TRIM(REGEXREPLACE(Q89 , ""DAC(\d+_OUT\d+)|."" , ""$1 "") )"),"") | P89: =IFERROR(__xludf.DUMMYFUNCTION("TRIM(REGEXREPLACE(REGEXREPLACE(R89, "","", "" ""), ""(EVENTOUT|TRACECLK|TRACED.|SPI._[^ ]*|SAI._[^ ]*|ETH_[^ ]*|QUADSPI_[^ ]*|FMC_[^ ]*|UART._[^ ]*|FDCAN._[^ ]*|DFSDM._[^ ]*|OTG_[^ ]*|TIM\d+_[^ ]*)( |$)"", "" ""))"),"")
A90: 27 | B90: VDD | D90: =IF(COUNTIF(ConnectorPins!$F$2:$F$999, B90) > 0, MATCH(B90, ConnectorPins!$F$2:$F$999, 0), IF(COUNTIF(ConnectorPins!$I$2:$I$999, B90) > 0, MATCH(B90, ConnectorPins!$I$2:$I$999, 0) + 35, "")) | G90: =IFERROR(__xludf.DUMMYFUNCTION("TRIM(REGEXREPLACE(Q90 , ""ADC(\d+_(INN\d+|INP\d+)*)|."" , ""$1 "") )"),"") | I90: =IFERROR(__xludf.DUMMYFUNCTION("TRIM(REGEXREPLACE(R90 , ""SPI(._(MOSI|MISO|SCK))|."" , ""$1 "") )"),"") | J90: =IFERROR(__xludf.DUMMYFUNCTION("TRIM(REGEXREPLACE(R90 , ""FDCAN(._[\w_]+)|."" , ""$1 "") )"),"") | K90: =IFERROR(__xludf.DUMMYFUNCTION("TRIM(REGEXREPLACE(R90 , ""ETH_([\w_]+)|."" , ""$1 "") )"),"") | L90: =IFERROR(__xludf.DUMMYFUNCTION("TRIM(REGEXREPLACE(R90 , ""TIM(._\w+)|."" , ""$1 "") )"),"") | M90: =IFERROR(__xludf.DUMMYFUNCTION("TRIM(REGEXREPLACE(R90 , ""OTG_([\w_]+)|."" , ""$1 "") )"),"") | N90: =IFERROR(__xludf.DUMMYFUNCTION("TRIM(REGEXREPLACE(R90 , ""US?ART(._(TX|RX))|."" , ""$1 "") )"),"") | O90: =IFERROR(__xludf.DUMMYFUNCTION("TRIM(REGEXREPLACE(Q90 , ""DAC(\d+_OUT\d+)|."" , ""$1 "") )"),"") | P90: =IFERROR(__xludf.DUMMYFUNCTION("TRIM(REGEXREPLACE(REGEXREPLACE(R90, "","", "" ""), ""(EVENTOUT|TRACECLK|TRACED.|SPI._[^ ]*|SAI._[^ ]*|ETH_[^ ]*|QUADSPI_[^ ]*|FMC_[^ ]*|UART._[^ ]*|FDCAN._[^ ]*|DFSDM._[^ ]*|OTG_[^ ]*|TIM\d+_[^ ]*)( |$)"", "" ""))"),"")
A91: 50 | B91: VDD | D91: =IF(COUNTIF(ConnectorPins!$F$2:$F$999, B91) > 0, MATCH(B91, ConnectorPins!$F$2:$F$999, 0), IF(COUNTIF(ConnectorPins!$I$2:$I$999, B91) > 0, MATCH(B91, ConnectorPins!$I$2:$I$999, 0) + 35, "")) | G91: =IFERROR(__xludf.DUMMYFUNCTION("TRIM(REGEXREPLACE(Q91 , ""ADC(\d+_(INN\d+|INP\d+)*)|."" , ""$1 "") )"),"") | I91: =IFERROR(__xludf.DUMMYFUNCTION("TRIM(REGEXREPLACE(R91 , ""SPI(._(MOSI|MISO|SCK))|."" , ""$1 "") )"),"") | J91: =IFERROR(__xludf.DUMMYFUNCTION("TRIM(REGEXREPLACE(R91 , ""FDCAN(._[\w_]+)|."" , ""$1 "") )"),"") | K91: =IFERROR(__xludf.DUMMYFUNCTION("TRIM(REGEXREPLACE(R91 , ""ETH_([\w_]+)|."" , ""$1 "") )"),"") | L91: =IFERROR(__xludf.DUMMYFUNCTION("TRIM(REGEXREPLACE(R91 , ""TIM(._\w+)|."" , ""$1 "") )"),"") | M91: =IFERROR(__xludf.DUMMYFUNCTION("TRIM(REGEXREPLACE(R91 , ""OTG_([\w_]+)|."" , ""$1 "") )"),"") | N91: =IFERROR(__xludf.DUMMYFUNCTION("TRIM(REGEXREPLACE(R91 , ""US?ART(._(TX|RX))|."" , ""$1 "") )"),"") | O91: =IFERROR(__xludf.DUMMYFUNCTION("TRIM(REGEXREPLACE(Q91 , ""DAC(\d+_OUT\d+)|."" , ""$1 "") )"),"") | P91: =IFERROR(__xludf.DUMMYFUNCTION("TRIM(REGEXREPLACE(REGEXREPLACE(R91, "","", "" ""), ""(EVENTOUT|TRACECLK|TRACED.|SPI._[^ ]*|SAI._[^ ]*|ETH_[^ ]*|QUADSPI_[^ ]*|FMC_[^ ]*|UART._[^ ]*|FDCAN._[^ ]*|DFSDM._[^ ]*|OTG_[^ ]*|TIM\d+_[^ ]*)( |$)"", "" ""))"),"")
A92: 75 | B92: VDD | D92: =IF(COUNTIF(ConnectorPins!$F$2:$F$999, B92) > 0, MATCH(B92, ConnectorPins!$F$2:$F$999, 0), IF(COUNTIF(ConnectorPins!$I$2:$I$999, B92) > 0, MATCH(B92, ConnectorPins!$I$2:$I$999, 0), "")) | G92: =IFERROR(__xludf.DUMMYFUNCTION("TRIM(REGEXREPLACE(Q92 , ""ADC(\d+_(INN\d+|INP\d+)*)|."" , ""$1 "") )"),"") | I92: =IFERROR(__xludf.DUMMYFUNCTION("TRIM(REGEXREPLACE(R92 , ""SPI(._(MOSI|MISO|SCK))|."" , ""$1 "") )"),"") | J92: =IFERROR(__xludf.DUMMYFUNCTION("TRIM(REGEXREPLACE(R92 , ""FDCAN(._[\w_]+)|."" , ""$1 "") )"),"") | K92: =IFERROR(__xludf.DUMMYFUNCTION("TRIM(REGEXREPLACE(R92 , ""ETH_([\w_]+)|."" , ""$1 "") )"),"") | L92: =IFERROR(__xludf.DUMMYFUNCTION("TRIM(REGEXREPLACE(R92 , ""TIM(._\w+)|."" , ""$1 "") )"),"") | M92: =IFERROR(__xludf.DUMMYFUNCTION("TRIM(REGEXREPLACE(R92 , ""OTG_([\w_]+)|."" , ""$1 "") )"),"") | N92: =IFERROR(__xludf.DUMMYFUNCTION("TRIM(REGEXREPLACE(R92 , ""US?ART(._(TX|RX))|."" , ""$1 "") )"),"") | O92: =IFERROR(__xludf.DUMMYFUNCTION("TRIM(REGEXREPLACE(Q92 , ""DAC(\d+_OUT\d+)|."" , ""$1 "") )"),"") | P92: =IFERROR(__xludf.DUMMYFUNCTION("TRIM(REGEXREPLACE(REGEXREPLACE(R92, "","", "" ""), ""(EVENTOUT|TRACECLK|TRACED.|SPI._[^ ]*|SAI._[^ ]*|ETH_[^ ]*|QUADSPI_[^ ]*|FMC_[^ ]*|UART._[^ ]*|FDCAN._[^ ]*|DFSDM._[^ ]*|OTG_[^ ]*|TIM\d+_[^ ]*)( |$)"", "" ""))"),"")
A93: 100 | B93: VDD | D93: =IF(COUNTIF(ConnectorPins!$F$2:$F$999, B93) > 0, MATCH(B93, ConnectorPins!$F$2:$F$999, 0), IF(COUNTIF(ConnectorPins!$I$2:$I$999, B93) > 0, MATCH(B93, ConnectorPins!$I$2:$I$999, 0), "")) | G93: =IFERROR(__xludf.DUMMYFUNCTION("TRIM(REGEXREPLACE(Q93 , ""ADC(\d+_(INN\d+|INP\d+)*)|."" , ""$1 "") )"),"") | I93: =IFERROR(__xludf.DUMMYFUNCTION("TRIM(REGEXREPLACE(R93 , ""SPI(._(MOSI|MISO|SCK))|."" , ""$1 "") )"),"") | J93: =IFERROR(__xludf.DUMMYFUNCTION("TRIM(REGEXREPLACE(R93 , ""FDCAN(._[\w_]+)|."" , ""$1 "") )"),"") | K93: =IFERROR(__xludf.DUMMYFUNCTION("TRIM(REGEXREPLACE(R93 , ""ETH_([\w_]+)|."" , ""$1 "") )"),"") | L93: =IFERROR(__xludf.DUMMYFUNCTION("TRIM(REGEXREPLACE(R93 , ""TIM(._\w+)|."" , ""$1 "") )"),"") | M93: =IFERROR(__xludf.DUMMYFUNCTION("TRIM(REGEXREPLACE(R93 , ""OTG_([\w_]+)|."" , ""$1 "") )"),"") | N93: =IFERROR(__xludf.DUMMYFUNCTION("TRIM(REGEXREPLACE(R93 , ""US?ART(._(TX|RX))|."" , ""$1 "") )"),"") | O93: =IFERROR(__xludf.DUMMYFUNCTION("TRIM(REGEXREPLACE(Q93 , ""DAC(\d+_OUT\d+)|."" , ""$1 "") )"),"") | P93: =IFERROR(__xludf.DUMMYFUNCTION("TRIM(REGEXREPLACE(REGEXREPLACE(R93, "","", "" ""), ""(EVENTOUT|TRACECLK|TRACED.|SPI._[^ ]*|SAI._[^ ]*|ETH_[^ ]*|QUADSPI_[^ ]*|FMC_[^ ]*|UART._[^ ]*|FDCAN._[^ ]*|DFSDM._[^ ]*|OTG_[^ ]*|TIM\d+_[^ ]*)( |$)"", "" ""))"),"")
A94: 21 | B94: VDDA | D94: =IF(COUNTIF(ConnectorPins!$F$2:$F$999, B94) > 0, MATCH(B94, ConnectorPins!$F$2:$F$999, 0), IF(COUNTIF(ConnectorPins!$I$2:$I$999, B94) > 0, MATCH(B94, ConnectorPins!$I$2:$I$999, 0) + 35, "")) | G94: =IFERROR(__xludf.DUMMYFUNCTION("TRIM(REGEXREPLACE(Q94 , ""ADC(\d+_(INN\d+|INP\d+)*)|."" , ""$1 "") )"),"") | I94: =IFERROR(__xludf.DUMMYFUNCTION("TRIM(REGEXREPLACE(R94 , ""SPI(._(MOSI|MISO|SCK))|."" , ""$1 "") )"),"") | J94: =IFERROR(__xludf.DUMMYFUNCTION("TRIM(REGEXREPLACE(R94 , ""FDCAN(._[\w_]+)|."" , ""$1 "") )"),"") | K94: =IFERROR(__xludf.DUMMYFUNCTION("TRIM(REGEXREPLACE(R94 , ""ETH_([\w_]+)|."" , ""$1 "") )"),"") | L94: =IFERROR(__xludf.DUMMYFUNCTION("TRIM(REGEXREPLACE(R94 , ""TIM(._\w+)|."" , ""$1 "") )"),"") | M94: =IFERROR(__xludf.DUMMYFUNCTION("TRIM(REGEXREPLACE(R94 , ""OTG_([\w_]+)|."" , ""$1 "") )"),"") | N94: =IFERROR(__xludf.DUMMYFUNCTION("TRIM(REGEXREPLACE(R94 , ""US?ART(._(TX|RX))|."" , ""$1 "") )"),"") | O94: =IFERROR(__xludf.DUMMYFUNCTION("TRIM(REGEXREPLACE(Q94 , ""DAC(\d+_OUT\d+)|."" , ""$1 "") )"),"") | P94: =IFERROR(__xludf.DUMMYFUNCTION("TRIM(REGEXREPLACE(REGEXREPLACE(R94, "","", "" ""), ""(EVENTOUT|TRACECLK|TRACED.|SPI._[^ ]*|SAI._[^ ]*|ETH_[^ ]*|QUADSPI_[^ ]*|FMC_[^ ]*|UART._[^ ]*|FDCAN._[^ ]*|DFSDM._[^ ]*|OTG_[^ ]*|TIM\d+_[^ ]*)( |$)"", "" ""))"),"")
A95: 20 | B95: VREF+ | D95: =IF(COUNTIF(ConnectorPins!$F$2:$F$999, B95) > 0, MATCH(B95, ConnectorPins!$F$2:$F$999, 0), IF(COUNTIF(ConnectorPins!$I$2:$I$999, B95) > 0, MATCH(B95, ConnectorPins!$I$2:$I$999, 0) + 35, "")) | G95: =IFERROR(__xludf.DUMMYFUNCTION("TRIM(REGEXREPLACE(Q95 , ""ADC(\d+_(INN\d+|INP\d+)*)|."" , ""$1 "") )"),"") | I95: =IFERROR(__xludf.DUMMYFUNCTION("TRIM(REGEXREPLACE(R95 , ""SPI(._(MOSI|MISO|SCK))|."" , ""$1 "") )"),"") | J95: =IFERROR(__xludf.DUMMYFUNCTION("TRIM(REGEXREPLACE(R95 , ""FDCAN(._[\w_]+)|."" , ""$1 "") )"),"") | K95: =IFERROR(__xludf.DUMMYFUNCTION("TRIM(REGEXREPLACE(R95 , ""ETH_([\w_]+)|."" , ""$1 "") )"),"") | L95: =IFERROR(__xludf.DUMMYFUNCTION("TRIM(REGEXREPLACE(R95 , ""TIM(._\w+)|."" , ""$1 "") )"),"") | M95: =IFERROR(__xludf.DUMMYFUNCTION("TRIM(REGEXREPLACE(R95 , ""OTG_([\w_]+)|."" , ""$1 "") )"),"") | N95: =IFERROR(__xludf.DUMMYFUNCTION("TRIM(REGEXREPLACE(R95 , ""US?ART(._(TX|RX))|."" , ""$1 "") )"),"") | O95: =IFERROR(__xludf.DUMMYFUNCTION("TRIM(REGEXREPLACE(Q95 , ""DAC(\d+_OUT\d+)|."" , ""$1 "") )"),"") | P95: =IFERROR(__xludf.DUMMYFUNCTION("TRIM(REGEXREPLACE(REGEXREPLACE(R95, "","", "" ""), ""(EVENTOUT|TRACECLK|TRACED.|SPI._[^ ]*|SAI._[^ ]*|ETH_[^ ]*|QUADSPI_[^ ]*|FMC_[^ ]*|UART._[^ ]*|FDCAN._[^ ]*|DFSDM._[^ ]*|OTG_[^ ]*|TIM\d+_[^ ]*)( |$)"", "" ""))"),"")
A96: 10 | B96: VSS | D96: =IF(COUNTIF(ConnectorPins!$F$2:$F$999, B96) > 0, MATCH(B96, ConnectorPins!$F$2:$F$999, 0), IF(COUNTIF(ConnectorPins!$I$2:$I$999, B96) > 0, MATCH(B96, ConnectorPins!$I$2:$I$999, 0) + 35, "")) | G96: =IFERROR(__xludf.DUMMYFUNCTION("TRIM(REGEXREPLACE(Q96 , ""ADC(\d+_(INN\d+|INP\d+)*)|."" , ""$1 "") )"),"") | I96: =IFERROR(__xludf.DUMMYFUNCTION("TRIM(REGEXREPLACE(R96 , ""SPI(._(MOSI|MISO|SCK))|."" , ""$1 "") )"),"") | J96: =IFERROR(__xludf.DUMMYFUNCTION("TRIM(REGEXREPLACE(R96 , ""FDCAN(._[\w_]+)|."" , ""$1 "") )"),"") | K96: =IFERROR(__xludf.DUMMYFUNCTION("TRIM(REGEXREPLACE(R96 , ""ETH_([\w_]+)|."" , ""$1 "") )"),"") | L96: =IFERROR(__xludf.DUMMYFUNCTION("TRIM(REGEXREPLACE(R96 , ""TIM(._\w+)|."" , ""$1 "") )"),"") | M96: =IFERROR(__xludf.DUMMYFUNCTION("TRIM(REGEXREPLACE(R96 , ""OTG_([\w_]+)|."" , ""$1 "") )"),"") | N96: =IFERROR(__xludf.DUMMYFUNCTION("TRIM(REGEXREPLACE(R96 , ""US?ART(._(TX|RX))|."" , ""$1 "") )"),"") | O96: =IFERROR(__xludf.DUMMYFUNCTION("TRIM(REGEXREPLACE(Q96 , ""DAC(\d+_OUT\d+)|."" , ""$1 "") )"),"") | P96: =IFERROR(__xludf.DUMMYFUNCTION("TRIM(REGEXREPLACE(REGEXREPLACE(R96, "","", "" ""), ""(EVENTOUT|TRACECLK|TRACED.|SPI._[^ ]*|SAI._[^ ]*|ETH_[^ ]*|QUADSPI_[^ ]*|FMC_[^ ]*|UART._[^ ]*|FDCAN._[^ ]*|DFSDM._[^ ]*|OTG_[^ ]*|TIM\d+_[^ ]*)( |$)"", "" ""))"),"")
A97: 26 | B97: VSS | D97: =IF(COUNTIF(ConnectorPins!$F$2:$F$999, B97) > 0, MATCH(B97, ConnectorPins!$F$2:$F$999, 0), IF(COUNTIF(ConnectorPins!$I$2:$I$999, B97) > 0, MATCH(B97, ConnectorPins!$I$2:$I$999, 0) + 35, "")) | G97: =IFERROR(__xludf.DUMMYFUNCTION("TRIM(REGEXREPLACE(Q97 , ""ADC(\d+_(INN\d+|INP\d+)*)|."" , ""$1 "") )"),"") | I97: =IFERROR(__xludf.DUMMYFUNCTION("TRIM(REGEXREPLACE(R97 , ""SPI(._(MOSI|MISO|SCK))|."" , ""$1 "") )"),"") | J97: =IFERROR(__xludf.DUMMYFUNCTION("TRIM(REGEXREPLACE(R97 , ""FDCAN(._[\w_]+)|."" , ""$1 "") )"),"") | K97: =IFERROR(__xludf.DUMMYFUNCTION("TRIM(REGEXREPLACE(R97 , ""ETH_([\w_]+)|."" , ""$1 "") )"),"") | L97: =IFERROR(__xludf.DUMMYFUNCTION("TRIM(REGEXREPLACE(R97 , ""TIM(._\w+)|."" , ""$1 "") )"),"") | M97: =IFERROR(__xludf.DUMMYFUNCTION("TRIM(REGEXREPLACE(R97 , ""OTG_([\w_]+)|."" , ""$1 "") )"),"") | N97: =IFERROR(__xludf.DUMMYFUNCTION("TRIM(REGEXREPLACE(R97 , ""US?ART(._(TX|RX))|."" , ""$1 "") )"),"") | O97: =IFERROR(__xludf.DUMMYFUNCTION("TRIM(REGEXREPLACE(Q97 , ""DAC(\d+_OUT\d+)|."" , ""$1 "") )"),"") | P97: =IFERROR(__xludf.DUMMYFUNCTION("TRIM(REGEXREPLACE(REGEXREPLACE(R97, "","", "" ""), ""(EVENTOUT|TRACECLK|TRACED.|SPI._[^ ]*|SAI._[^ ]*|ETH_[^ ]*|QUADSPI_[^ ]*|FMC_[^ ]*|UART._[^ ]*|FDCAN._[^ ]*|DFSDM._[^ ]*|OTG_[^ ]*|TIM\d+_[^ ]*)( |$)"", "" ""))"),"")
A98: 49 | B98: VSS | D98: =IF(COUNTIF(ConnectorPins!$F$2:$F$999, B98) > 0, MATCH(B98, ConnectorPins!$F$2:$F$999, 0), IF(COUNTIF(ConnectorPins!$I$2:$I$999, B98) > 0, MATCH(B98, ConnectorPins!$I$2:$I$999, 0) + 35, "")) | G98: =IFERROR(__xludf.DUMMYFUNCTION("TRIM(REGEXREPLACE(Q98 , ""ADC(\d+_(INN\d+|INP\d+)*)|."" , ""$1 "") )"),"") | I98: =IFERROR(__xludf.DUMMYFUNCTION("TRIM(REGEXREPLACE(R98 , ""SPI(._(MOSI|MISO|SCK))|."" , ""$1 "") )"),"") | J98: =IFERROR(__xludf.DUMMYFUNCTION("TRIM(REGEXREPLACE(R98 , ""FDCAN(._[\w_]+)|."" , ""$1 "") )"),"") | K98: =IFERROR(__xludf.DUMMYFUNCTION("TRIM(REGEXREPLACE(R98 , ""ETH_([\w_]+)|."" , ""$1 "") )"),"") | L98: =IFERROR(__xludf.DUMMYFUNCTION("TRIM(REGEXREPLACE(R98 , ""TIM(._\w+)|."" , ""$1 "") )"),"") | M98: =IFERROR(__xludf.DUMMYFUNCTION("TRIM(REGEXREPLACE(R98 , ""OTG_([\w_]+)|."" , ""$1 "") )"),"") | N98: =IFERROR(__xludf.DUMMYFUNCTION("TRIM(REGEXREPLACE(R98 , ""US?ART(._(TX|RX))|."" , ""$1 "") )"),"") | O98: =IFERROR(__xludf.DUMMYFUNCTION("TRIM(REGEXREPLACE(Q98 , ""DAC(\d+_OUT\d+)|."" , ""$1 "") )"),"") | P98: =IFERROR(__xludf.DUMMYFUNCTION("TRIM(REGEXREPLACE(REGEXREPLACE(R98, "","", "" ""), ""(EVENTOUT|TRACECLK|TRACED.|SPI._[^ ]*|SAI._[^ ]*|ETH_[^ ]*|QUADSPI_[^ ]*|FMC_[^ ]*|UART._[^ ]*|FDCAN._[^ ]*|DFSDM._[^ ]*|OTG_[^ ]*|TIM\d+_[^ ]*)( |$)"", "" ""))"),"")
A99: 74 | B99: VSS | D99: =IF(COUNTIF(ConnectorPins!$F$2:$F$999, B99) > 0, MATCH(B99, ConnectorPins!$F$2:$F$999, 0), IF(COUNTIF(ConnectorPins!$I$2:$I$999, B99) > 0, MATCH(B99, ConnectorPins!$I$2:$I$999, 0), "")) | G99: =IFERROR(__xludf.DUMMYFUNCTION("TRIM(REGEXREPLACE(Q99 , ""ADC(\d+_(INN\d+|INP\d+)*)|."" , ""$1 "") )"),"") | I99: =IFERROR(__xludf.DUMMYFUNCTION("TRIM(REGEXREPLACE(R99 , ""SPI(._(MOSI|MISO|SCK))|."" , ""$1 "") )"),"") | J99: =IFERROR(__xludf.DUMMYFUNCTION("TRIM(REGEXREPLACE(R99 , ""FDCAN(._[\w_]+)|."" , ""$1 "") )"),"") | K99: =IFERROR(__xludf.DUMMYFUNCTION("TRIM(REGEXREPLACE(R99 , ""ETH_([\w_]+)|."" , ""$1 "") )"),"") | L99: =IFERROR(__xludf.DUMMYFUNCTION("TRIM(REGEXREPLACE(R99 , ""TIM(._\w+)|."" , ""$1 "") )"),"") | M99: =IFERROR(__xludf.DUMMYFUNCTION("TRIM(REGEXREPLACE(R99 , ""OTG_([\w_]+)|."" , ""$1 "") )"),"") | N99: =IFERROR(__xludf.DUMMYFUNCTION("TRIM(REGEXREPLACE(R99 , ""US?ART(._(TX|RX))|."" , ""$1 "") )"),"") | O99: =IFERROR(__xludf.DUMMYFUNCTION("TRIM(REGEXREPLACE(Q99 , ""DAC(\d+_OUT\d+)|."" , ""$1 "") )"),"") | P99: =IFERROR(__xludf.DUMMYFUNCTION("TRIM(REGEXREPLACE(REGEXREPLACE(R99, "","", "" ""), ""(EVENTOUT|TRACECLK|TRACED.|SPI._[^ ]*|SAI._[^ ]*|ETH_[^ ]*|QUADSPI_[^ ]*|FMC_[^ ]*|UART._[^ ]*|FDCAN._[^ ]*|DFSDM._[^ ]*|OTG_[^ ]*|TIM\d+_[^ ]*)( |$)"", "" ""))"),"")
A100: 99 | B100: VSS | D100: =IF(COUNTIF(ConnectorPins!$F$2:$F$999, B100) > 0, MATCH(B100, ConnectorPins!$F$2:$F$999, 0), IF(COUNTIF(ConnectorPins!$I$2:$I$999, B100) > 0, MATCH(B100, ConnectorPins!$I$2:$I$999, 0), "")) | G100: =IFERROR(__xludf.DUMMYFUNCTION("TRIM(REGEXREPLACE(Q100 , ""ADC(\d+_(INN\d+|INP\d+)*)|."" , ""$1 "") )"),"") | I100: =IFERROR(__xludf.DUMMYFUNCTION("TRIM(REGEXREPLACE(R100 , ""SPI(._(MOSI|MISO|SCK))|."" , ""$1 "") )"),"") | J100: =IFERROR(__xludf.DUMMYFUNCTION("TRIM(REGEXREPLACE(R100 , ""FDCAN(._[\w_]+)|."" , ""$1 "") )"),"") | K100: =IFERROR(__xludf.DUMMYFUNCTION("TRIM(REGEXREPLACE(R100 , ""ETH_([\w_]+)|."" , ""$1 "") )"),"") | L100: =IFERROR(__xludf.DUMMYFUNCTION("TRIM(REGEXREPLACE(R100 , ""TIM(._\w+)|."" , ""$1 "") )"),"") | M100: =IFERROR(__xludf.DUMMYFUNCTION("TRIM(REGEXREPLACE(R100 , ""OTG_([\w_]+)|."" , ""$1 "") )"),"") | N100: =IFERROR(__xludf.DUMMYFUNCTION("TRIM(REGEXREPLACE(R100 , ""US?ART(._(TX|RX))|."" , ""$1 "") )"),"") | O100: =IFERROR(__xludf.DUMMYFUNCTION("TRIM(REGEXREPLACE(Q100 , ""DAC(\d+_OUT\d+)|."" , ""$1 "") )"),"") | P100: =IFERROR(__xludf.DUMMYFUNCTION("TRIM(REGEXREPLACE(REGEXREPLACE(R100, "","", "" ""), ""(EVENTOUT|TRACECLK|TRACED.|SPI._[^ ]*|SAI._[^ ]*|ETH_[^ ]*|QUADSPI_[^ ]*|FMC_[^ ]*|UART._[^ ]*|FDCAN._[^ ]*|DFSDM._[^ ]*|OTG_[^ ]*|TIM\d+_[^ ]*)( |$)"", "" ""))"),"")
...

Sheet ConnectorPins
A1: Use on MB | E1: Comment/Function | F1: Pin | G1: Pin # | H1: Pin # | I1: Pin | J1: Comment/Function | N1: Use on MB | O1: MB Notes
A2: 5V | F2: 5V | G2: 1 | H2: 36 | I2: 5V | N2: 5V
A3: 5V | F3: 5V | G3: 2 | H3: 37 | I3: 5V | N3: 5V
A4: GND | F4: GND | G4: 3 | H4: 38 | I4: GND | N4: GND
E5: UART8_RX | F5: PE0 | G5: 4 | H5: 39 | I5: PD0 | J5: UART4_RX | N5: GPS
E6: UART8_TX | F6: PE1 | G6: 5 | H6: 40 | I6: PD1 | J6: UART4_TX | N6: GPS
A7: telem. | E7: SPI4_SCK | F7: PE2 | G7: 6 | H7: 41 | I7: PD12 | J7: TIM4_CH1 | N7: telem_CS (GPS Reset) | O7: can be subst. with
A8: telem. | E8: SPI4_MISO | F8: PE5 | G8: 7 | H8: 42 | I8: PD13 | J8: TIM4_CH2 | N8: telem_CS (GPS Safeboot) | O8: any GPIO output
A9: telem. | E9: SPI4_MOSI | F9: PE6 | G9: 8 | H9: 43 | I9: PD14 | J9: TIM4_CH3 | N9: telem_CS (SPI NSS) | O9: depending on routing
A10: GND | F10: GND | G10: 9 | H10: 44 | I10: PD15 | J10: TIM4_CH4 | N10: telem_CS (SPI Reset) | O10: needs
D11: UART7_RX | F11: PE7 | G11: 10 | H11: 45 | I11: GND | N11: GND
A12: Shift Register | D12: UART7_TX | E12: TIM1_CH1N | F12: PE8 | G12: 11 | H12: 46 | I12: PB0 | L12: ADC12_INN5/INP9 | N12: ADC_REC 2 U
A13: Shift Register | E13: TIM1_CH1 | F13: PE9 | G13: 12 | H13: 47 | I13: PB1 | L13: ADC12_INP5 | N13: ADC REC 2 I
A14: Shift Register | E14: TIM1_CH2N | F14: PE10 | G14: 13 | H14: 48 | I14: PB5 | J14: FDCAN2_RX | K14: UART5_RX | N14: CAN
A15: REC 1 cont check | E15: TIM1_CH2 | F15: PE11 | G15: 14 | H15: 49 | I15: PB6 | J15: FDCAN2_TX | K15: UART5_TX | N15: CAN
A16: REC 2 cont check | E16: TIM1_CH3N | F16: PE12 | G16: 15 | H16: 50 | I16: PB7 | J16: TIM4_CH2 | O16: tie to GND if not used -> add. grounding for can bus
A17: REC 3 cont check | E17: TIM1_CH3 | F17: PE13 | G17: 16 | H17: 51 | I17: PB8 | J17: FDCAN1_RX | N17: CAN
A18: Rec 4 cont check | E18: TIM1_CH4 | F18: PE14 | G18: 17 | H18: 52 | I18: PB9 | J18: FDCAN1_TX | N18: CAN
A19: GND | F19: GND | G19: 18 | H19: 53 | I19: GND | N19: GND
A20: Recovery | D20: UART6_TX | E20: TIM3_CH1 | F20: PC6 | G20: 19 | H20: 54 | I20: PB10 | K20: TIM2_CH3 | N20: buzzer
A21: Recovery | D21: UART6_RX | E21: TIM3_CH2 | F21: PC7 | G21: 20 | H21: 55 | I21: PB11 | J21: ETH_RMII_TX_EN | K21: TIM2_CH4 | N21: ethernet
A22: Recovery | E22: TIM3_CH3 | F22: PC8 | G22: 21 | H22: 56 | I22: PB12 | J22: ETH_RMII_TXD0 | N22: ethernet
A23: Recovery | E23: TIM3_CH4 | F23: PC9 | G23: 22 | H23: 57 | I23: PB13 | J23: ETH_RMII_TXD1 | N23: ethernet
A24: telem. | C24: shared with | D24: UART4_TX | E24: SPI3_SCK | F24: PC10 | G24: 23 | H24: 58 | I24: GND | N24: GND
A25: telem. | C25: core board | D25: UART4_RX | E25: SPI3_MISO | F25: PC11 | G25: 24 | H25: 59 | I25: PA0 | K25: UART4_TX | L25: ADC1_INP18 | N25: ADC REC 1 U
A26: telem. | C26: (flash) | E26: SPI3_MOSI | F26: PC12 | G26: 25 | H26: 60 | I26: PA1 | J26: ETH_RMII_REF_CLK | L26: ADC1_INP17/INN16 | N26: ethernet
A27: gnd | F27: GND | G27: 26 | H27: 61 | I27: PA2 | J27: ETH_MDIO | K27: UART2_TX | L27: ADC12_INP14 | N27: ethernet
A28: ethernet | D28: UART4_RX | E28: ETH_MDC | F28: PC1 | G28: 27 | H28: 62 | I28: PA3 | K28: UART2_RX | L28: ADC12_INP15 | N28: ADC REC 1 I
A29: ADC high current | C29: ADC3_INN1/INP0 | F29: PC2_C | G29: 28 | H29: 63 | I29: GND | N29: GND
A30: LoRa nss | C30: ADC3_INP1 | F30: PC3_C | G30: 29 | H30: 64 | I30: PA4 | K30: DAC1_OUT1 | L30: ADC12_INP18 | N30: buzzer?
A31: gnd | F31: GND | G31: 30 | H31: 65 | I31: PA6 | L31: ADC12_INP3 | N31: ADC_MAIN_VOLTAGE_CURRENT
A32: ethernet | E32: ETH_RMII_RXD0 | F32: PC4 | G32: 31 | H32: 66 | I32: PA7 | J32: ETH_RMII_CRS_DV | N32: ethernet
A33: ethernet | E33: ETH_RMII_RXD1 | F33: PC5 | G33: 32 | H33: 67 | I33: PC0 | L33: ADC123_INP10 | N33: ADC_MAIN_VOLTAGE
A34: GND | F34: GND | G34: 33 | H34: 68 | I34: GND | N34: GND
A35: 5V | F35: 5V | G35: 34 | H35: 69 | I35: 5V | N35: 5V
A36: 5V | F36: 5V | G36: 35 | H36: 70 | I36: 5V | N36: 5V
A38: Other useful pins for MB
A39: GPS | C39: reset, (safeboot)
A40: Telem (each). | C40: reset, busy, irq | D40: maybe 2 for each? discuss needs
